,Date,Hour,condition,temp_farenheit,feels_like_farenheit,precip_percent,precip_inches,cloud_cover_percent,dew_point_farenheit,humidity_percent,wind_vel,pressure_inches
0,2023-09-28,10:00 am,Partly Cloudy,68 °F,68 °F,2 °%,0 °in,47 °%,62 °F,80 °%,4 °mph W,30.13 °in
1,2023-09-28,11:00 am,Partly Cloudy,73 °F,73 °F,1 °%,0 °in,49 °%,64 °F,74 °%,5 °mph SW,30.13 °in
2,2023-09-28,12:00 pm,Partly Cloudy,75 °F,75 °F,1 °%,0 °in,38 °%,64 °F,67 °%,7 °mph SSW,30.13 °in
3,2023-09-28,1:00 pm,Mostly Sunny,78 °F,78 °F,1 °%,0 °in,27 °%,64 °F,64 °%,9 °mph SSW,30.11 °in
4,2023-09-28,2:00 pm,Partly Cloudy,78 °F,81 °F,0 °%,0 °in,30 °%,64 °F,63 °%,11 °mph SSW,30.10 °in
5,2023-09-28,3:00 pm,Partly Cloudy,78 °F,81 °F,0 °%,0 °in,37 °%,64 °F,61 °%,12 °mph SSW,30.09 °in
6,2023-09-28,4:00 pm,Partly Cloudy,78 °F,81 °F,0 °%,0 °in,32 °%,63 °F,61 °%,12 °mph SSW,30.08 °in
7,2023-09-28,5:00 pm,Partly Cloudy,77 °F,80 °F,0 °%,0 °in,38 °%,63 °F,63 °%,12 °mph SW,30.07 °in
8,2023-09-28,6:00 pm,Partly Cloudy,76 °F,77 °F,2 °%,0 °in,37 °%,64 °F,66 °%,12 °mph SW,30.07 °in
9,2023-09-28,7:00 pm,Sunny,74 °F,75 °F,5 °%,0 °in,16 °%,64 °F,71 °%,10 °mph SW,30.07 °in
10,2023-09-28,8:00 pm,Clear,72 °F,74 °F,7 °%,0 °in,10 °%,65 °F,78 °%,9 °mph SW,30.09 °in
11,2023-09-28,9:00 pm,Clear,71 °F,72 °F,11 °%,0 °in,6 °%,65 °F,84 °%,7 °mph WSW,30.10 °in
12,2023-09-28,10:00 pm,Clear,70 °F,71 °F,12 °%,0 °in,3 °%,65 °F,87 °%,6 °mph WSW,30.12 °in
13,2023-09-28,11:00 pm,Clear,68 °F,70 °F,12 °%,0 °in,3 °%,65 °F,90 °%,5 °mph W,30.13 °in
14,2023-09-29,12:00 am,Clear,67 °F,68 °F,12 °%,0 °in,2 °%,64 °F,90 °%,4 °mph W,30.13 °in
15,2023-09-29,1:00 am,Clear,66 °F,67 °F,12 °%,0 °in,1 °%,63 °F,91 °%,5 °mph W,30.13 °in
16,2023-09-29,2:00 am,Clear,65 °F,66 °F,12 °%,0 °in,6 °%,63 °F,90 °%,5 °mph WNW,30.13 °in
17,2023-09-29,3:00 am,Clear,65 °F,65 °F,12 °%,0 °in,9 °%,62 °F,89 °%,5 °mph WNW,30.13 °in
18,2023-09-29,4:00 am,Clear,64 °F,64 °F,12 °%,0 °in,4 °%,61 °F,89 °%,5 °mph WNW,30.13 °in
19,2023-09-29,5:00 am,Clear,64 °F,64 °F,11 °%,0 °in,4 °%,60 °F,88 °%,5 °mph NW,30.13 °in
20,2023-09-29,6:00 am,Clear,63 °F,63 °F,11 °%,0 °in,2 °%,58 °F,85 °%,4 °mph NW,30.13 °in
21,2023-09-29,7:00 am,Clear,62 °F,62 °F,9 °%,0 °in,1 °%,57 °F,83 °%,4 °mph NW,30.14 °in
22,2023-09-29,8:00 am,Sunny,62 °F,62 °F,9 °%,0 °in,2 °%,57 °F,83 °%,4 °mph NW,30.16 °in
23,2023-09-29,9:00 am,Sunny,66 °F,66 °F,5 °%,0 °in,1 °%,57 °F,72 °%,4 °mph NNW,30.18 °in
24,2023-09-29,10:00 am,Sunny,71 °F,71 °F,2 °%,0 °in,0 °%,58 °F,63 °%,3 °mph NW,30.19 °in
25,2023-09-29,11:00 am,Sunny,75 °F,75 °F,0 °%,0 °in,0 °%,60 °F,59 °%,2 °mph WNW,30.20 °in
26,2023-09-29,12:00 pm,Sunny,78 °F,81 °F,0 °%,0 °in,0 °%,61 °F,55 °%,3 °mph SSW,30.20 °in
27,2023-09-29,1:00 pm,Sunny,80 °F,82 °F,0 °%,0 °in,0 °%,63 °F,56 °%,6 °mph S,30.19 °in
28,2023-09-29,2:00 pm,Sunny,80 °F,83 °F,0 °%,0 °in,0 °%,64 °F,59 °%,8 °mph S,30.19 °in
29,2023-09-29,3:00 pm,Sunny,80 °F,83 °F,0 °%,0 °in,0 °%,64 °F,59 °%,9 °mph S,30.18 °in
30,2023-09-29,4:00 pm,Sunny,80 °F,83 °F,0 °%,0 °in,0 °%,64 °F,58 °%,8 °mph S,30.18 °in
31,2023-09-29,5:00 pm,Sunny,79 °F,82 °F,0 °%,0 °in,0 °%,64 °F,59 °%,8 °mph S,30.17 °in
32,2023-09-29,6:00 pm,Sunny,79 °F,81 °F,0 °%,0 °in,0 °%,63 °F,60 °%,7 °mph SSW,30.17 °in
33,2023-09-29,7:00 pm,Sunny,77 °F,80 °F,2 °%,0 °in,0 °%,64 °F,65 °%,6 °mph SSW,30.18 °in
34,2023-09-29,8:00 pm,Clear,74 °F,75 °F,7 °%,0 °in,0 °%,65 °F,74 °%,4 °mph SW,30.19 °in
35,2023-09-29,9:00 pm,Clear,72 °F,73 °F,9 °%,0 °in,0 °%,65 °F,78 °%,3 °mph WSW,30.20 °in
36,2023-09-29,10:00 pm,Clear,71 °F,72 °F,9 °%,0 °in,1 °%,64 °F,81 °%,3 °mph W,30.21 °in
37,2023-09-29,11:00 pm,Clear,69 °F,70 °F,11 °%,0 °in,3 °%,63 °F,82 °%,3 °mph WNW,30.22 °in
