,Date,Hour,temp_farenheit,dew_point_farenheit,humidity_percent,wind,wind_vel,wind_gust,pressure_inches,precip_inches,condition
0,2023-09-28,12:00 AM,72 °F,66 °F,83 °%,WSW,8 °mph,0 °mph,30.07 °in,0.0 °in,Fair
1,2023-09-28,12:30 AM,70 °F,66 °F,88 °%,WSW,7 °mph,0 °mph,30.07 °in,0.0 °in,Fair
2,2023-09-28,1:00 AM,70 °F,66 °F,88 °%,WSW,3 °mph,0 °mph,30.07 °in,0.0 °in,Fair
3,2023-09-28,1:30 AM,70 °F,66 °F,88 °%,VAR,1 °mph,0 °mph,30.07 °in,0.0 °in,Fair
4,2023-09-28,2:00 AM,70 °F,64 °F,83 °%,NNW,6 °mph,0 °mph,30.07 °in,0.0 °in,Fair
5,2023-09-28,2:30 AM,70 °F,64 °F,83 °%,NW,2 °mph,0 °mph,30.07 °in,0.0 °in,Fair
6,2023-09-28,3:00 AM,68 °F,64 °F,88 °%,CALM,0 °mph,0 °mph,30.07 °in,0.0 °in,Fair
7,2023-09-28,3:30 AM,68 °F,64 °F,88 °%,NW,2 °mph,0 °mph,30.04 °in,0.0 °in,Fair
8,2023-09-28,4:00 AM,68 °F,64 °F,88 °%,NNW,1 °mph,0 °mph,30.07 °in,0.0 °in,Fair
9,2023-09-28,4:30 AM,68 °F,64 °F,88 °%,WNW,3 °mph,0 °mph,30.04 °in,0.0 °in,Fair
10,2023-09-28,5:00 AM,68 °F,64 °F,88 °%,NW,6 °mph,0 °mph,30.04 °in,0.0 °in,Fair
11,2023-09-28,5:30 AM,68 °F,64 °F,88 °%,NW,3 °mph,0 °mph,30.04 °in,0.0 °in,Fair
12,2023-09-28,6:00 AM,66 °F,64 °F,94 °%,NW,5 °mph,0 °mph,30.04 °in,0.0 °in,Fair
13,2023-09-28,6:30 AM,66 °F,64 °F,94 °%,NNW,3 °mph,0 °mph,30.07 °in,0.0 °in,Fair
14,2023-09-28,7:00 AM,66 °F,63 °F,88 °%,NW,7 °mph,0 °mph,30.07 °in,0.0 °in,Fair
15,2023-09-28,7:30 AM,66 °F,63 °F,88 °%,NW,6 °mph,0 °mph,30.07 °in,0.0 °in,Fair
16,2023-09-28,8:00 AM,66 °F,61 °F,83 °%,NW,7 °mph,18 °mph,30.07 °in,0.0 °in,Fair
17,2023-09-28,8:30 AM,66 °F,61 °F,83 °%,VAR,8 °mph,21 °mph,30.07 °in,0.0 °in,Fair
18,2023-09-28,9:00 AM,68 °F,63 °F,83 °%,NW,7 °mph,0 °mph,30.07 °in,0.0 °in,Fair
19,2023-09-27,12:00 AM,68 °F,61 °F,78 °%,NNW,5 °mph,0 °mph,30.10 °in,0.0 °in,Fair
20,2023-09-27,12:30 AM,66 °F,59 °F,78 °%,NNW,3 °mph,0 °mph,30.10 °in,0.0 °in,Fair
21,2023-09-27,1:00 AM,66 °F,57 °F,73 °%,NNW,6 °mph,0 °mph,30.10 °in,0.0 °in,Fair
22,2023-09-27,1:30 AM,66 °F,57 °F,73 °%,NW,8 °mph,0 °mph,30.10 °in,0.0 °in,Fair
23,2023-09-27,2:00 AM,64 °F,59 °F,83 °%,NW,6 °mph,0 °mph,30.10 °in,0.0 °in,Fair
24,2023-09-27,2:30 AM,64 °F,57 °F,77 °%,NW,8 °mph,0 °mph,30.10 °in,0.0 °in,Fair
25,2023-09-27,3:00 AM,66 °F,57 °F,73 °%,NW,7 °mph,0 °mph,30.10 °in,0.0 °in,Fair
26,2023-09-27,3:30 AM,64 °F,59 °F,83 °%,NW,8 °mph,0 °mph,30.10 °in,0.0 °in,Fair
27,2023-09-27,4:00 AM,64 °F,59 °F,83 °%,NW,8 °mph,0 °mph,30.10 °in,0.0 °in,Fair
28,2023-09-27,4:30 AM,64 °F,59 °F,83 °%,NW,8 °mph,0 °mph,30.07 °in,0.0 °in,Fair
29,2023-09-27,5:00 AM,64 °F,59 °F,83 °%,NW,9 °mph,0 °mph,30.07 °in,0.0 °in,Fair
30,2023-09-27,5:30 AM,64 °F,57 °F,77 °%,NW,13 °mph,0 °mph,30.07 °in,0.0 °in,Fair
31,2023-09-27,6:00 AM,64 °F,57 °F,77 °%,NW,12 °mph,0 °mph,30.07 °in,0.0 °in,Fair
32,2023-09-27,6:30 AM,64 °F,57 °F,77 °%,NW,10 °mph,0 °mph,30.07 °in,0.0 °in,Fair
33,2023-09-27,7:00 AM,64 °F,57 °F,77 °%,WNW,12 °mph,0 °mph,30.07 °in,0.0 °in,Fair
34,2023-09-27,7:30 AM,64 °F,57 °F,77 °%,NW,12 °mph,0 °mph,30.07 °in,0.0 °in,Fair
35,2023-09-27,8:00 AM,63 °F,57 °F,82 °%,NNW,9 °mph,0 °mph,30.07 °in,0.0 °in,Fair
36,2023-09-27,8:30 AM,64 °F,57 °F,77 °%,NNW,9 °mph,21 °mph,30.10 °in,0.0 °in,Fair
37,2023-09-27,9:00 AM,64 °F,57 °F,77 °%,NW,9 °mph,0 °mph,30.10 °in,0.0 °in,Fair
38,2023-09-27,9:30 AM,66 °F,57 °F,73 °%,NW,8 °mph,0 °mph,30.10 °in,0.0 °in,Fair
39,2023-09-27,10:00 AM,70 °F,57 °F,64 °%,WNW,7 °mph,0 °mph,30.10 °in,0.0 °in,Fair
40,2023-09-27,10:30 AM,72 °F,59 °F,64 °%,WNW,5 °mph,0 °mph,30.10 °in,0.0 °in,Fair
41,2023-09-27,11:00 AM,73 °F,63 °F,69 °%,WSW,6 °mph,0 °mph,30.10 °in,0.0 °in,Fair
42,2023-09-27,11:30 AM,75 °F,64 °F,69 °%,SW,12 °mph,0 °mph,30.10 °in,0.0 °in,Fair
43,2023-09-27,12:00 PM,75 °F,66 °F,73 °%,SW,12 °mph,0 °mph,30.10 °in,0.0 °in,Fair
44,2023-09-27,12:30 PM,75 °F,66 °F,73 °%,SW,13 °mph,0 °mph,30.10 °in,0.0 °in,Fair
45,2023-09-27,1:00 PM,75 °F,66 °F,73 °%,SW,15 °mph,0 °mph,30.10 °in,0.0 °in,Fair
46,2023-09-27,1:30 PM,75 °F,66 °F,73 °%,SW,17 °mph,0 °mph,30.07 °in,0.0 °in,Fair
47,2023-09-27,2:00 PM,77 °F,66 °F,69 °%,SW,18 °mph,0 °mph,30.07 °in,0.0 °in,Fair
48,2023-09-27,2:30 PM,77 °F,66 °F,69 °%,SW,18 °mph,0 °mph,30.07 °in,0.0 °in,Fair
49,2023-09-27,3:00 PM,75 °F,66 °F,73 °%,SW,20 °mph,0 °mph,30.04 °in,0.0 °in,Fair
50,2023-09-27,3:30 PM,77 °F,66 °F,69 °%,SW,20 °mph,0 °mph,30.04 °in,0.0 °in,Fair
51,2023-09-27,4:00 PM,77 °F,68 °F,74 °%,SW,21 °mph,0 °mph,30.04 °in,0.0 °in,Fair / Windy
52,2023-09-27,4:30 PM,77 °F,66 °F,69 °%,SW,20 °mph,0 °mph,30.04 °in,0.0 °in,Fair
53,2023-09-27,5:00 PM,75 °F,68 °F,78 °%,SW,18 °mph,0 °mph,30.04 °in,0.0 °in,Fair
54,2023-09-27,5:30 PM,75 °F,68 °F,78 °%,SW,17 °mph,0 °mph,30.01 °in,0.0 °in,Fair
55,2023-09-27,6:00 PM,77 °F,68 °F,74 °%,SW,17 °mph,0 °mph,30.01 °in,0.0 °in,Fair
56,2023-09-27,6:30 PM,75 °F,68 °F,78 °%,WSW,16 °mph,0 °mph,30.04 °in,0.0 °in,Fair
57,2023-09-27,7:00 PM,73 °F,68 °F,83 °%,SW,15 °mph,0 °mph,30.04 °in,0.0 °in,Fair
58,2023-09-27,7:30 PM,73 °F,66 °F,78 °%,SW,15 °mph,0 °mph,30.04 °in,0.0 °in,Fair
59,2023-09-27,8:00 PM,73 °F,66 °F,78 °%,SW,14 °mph,0 °mph,30.04 °in,0.0 °in,Fair
60,2023-09-27,8:30 PM,73 °F,68 °F,83 °%,WSW,13 °mph,0 °mph,30.04 °in,0.0 °in,Fair
61,2023-09-27,9:00 PM,73 °F,66 °F,78 °%,SW,13 °mph,0 °mph,30.04 °in,0.0 °in,Fair
62,2023-09-27,9:30 PM,72 °F,66 °F,83 °%,WSW,10 °mph,0 °mph,30.04 °in,0.0 °in,Fair
63,2023-09-27,10:00 PM,72 °F,66 °F,83 °%,WSW,8 °mph,0 °mph,30.04 °in,0.0 °in,Fair
64,2023-09-27,10:30 PM,72 °F,66 °F,83 °%,WSW,8 °mph,0 °mph,30.07 °in,0.0 °in,Fair
65,2023-09-27,11:00 PM,72 °F,66 °F,83 °%,WSW,8 °mph,0 °mph,30.07 °in,0.0 °in,Fair
66,2023-09-27,11:30 PM,72 °F,66 °F,83 °%,WSW,9 °mph,0 °mph,30.07 °in,0.0 °in,Fair
67,2023-09-26,12:00 AM,68 °F,61 °F,78 °%,NNW,6 °mph,0 °mph,30.16 °in,0.0 °in,Fair
68,2023-09-26,12:30 AM,66 °F,61 °F,83 °%,NW,7 °mph,0 °mph,30.13 °in,0.0 °in,Fair
69,2023-09-26,1:00 AM,66 °F,61 °F,83 °%,NNW,6 °mph,0 °mph,30.13 °in,0.0 °in,Fair
70,2023-09-26,1:30 AM,64 °F,61 °F,88 °%,NNW,5 °mph,0 °mph,30.13 °in,0.0 °in,Fair
71,2023-09-26,2:00 AM,64 °F,61 °F,88 °%,NNW,7 °mph,0 °mph,30.13 °in,0.0 °in,Fair
72,2023-09-26,2:30 AM,64 °F,61 °F,88 °%,NW,7 °mph,0 °mph,30.13 °in,0.0 °in,Fair
73,2023-09-26,3:00 AM,66 °F,61 °F,83 °%,NW,6 °mph,0 °mph,30.13 °in,0.0 °in,Fair
74,2023-09-26,3:30 AM,64 °F,61 °F,88 °%,NNW,7 °mph,0 °mph,30.13 °in,0.0 °in,Fair
75,2023-09-26,4:00 AM,64 °F,61 °F,88 °%,NNW,6 °mph,0 °mph,30.13 °in,0.0 °in,Fair
76,2023-09-26,4:30 AM,64 °F,61 °F,88 °%,NNW,7 °mph,0 °mph,30.13 °in,0.0 °in,Fair
77,2023-09-26,5:00 AM,64 °F,61 °F,88 °%,NNW,3 °mph,0 °mph,30.10 °in,0.0 °in,Fair
78,2023-09-26,5:30 AM,64 °F,61 °F,88 °%,NNW,3 °mph,0 °mph,30.10 °in,0.0 °in,Fair
79,2023-09-26,6:00 AM,64 °F,61 °F,88 °%,NNW,7 °mph,0 °mph,30.10 °in,0.0 °in,Fair
80,2023-09-26,6:30 AM,64 °F,61 °F,88 °%,NNW,8 °mph,0 °mph,30.10 °in,0.0 °in,Fair
81,2023-09-26,7:00 AM,63 °F,59 °F,88 °%,NNW,7 °mph,0 °mph,30.10 °in,0.0 °in,Fair
82,2023-09-26,7:30 AM,63 °F,59 °F,88 °%,NW,7 °mph,0 °mph,30.10 °in,0.0 °in,Fair
83,2023-09-26,8:00 AM,63 °F,59 °F,88 °%,NW,9 °mph,21 °mph,30.10 °in,0.0 °in,Fair
84,2023-09-26,8:30 AM,63 °F,59 °F,88 °%,NW,8 °mph,20 °mph,30.10 °in,0.0 °in,Fair
85,2023-09-26,9:00 AM,64 °F,59 °F,83 °%,NW,8 °mph,0 °mph,30.10 °in,0.0 °in,Fair
86,2023-09-26,9:30 AM,66 °F,59 °F,78 °%,NW,8 °mph,21 °mph,30.13 °in,0.0 °in,Fair
87,2023-09-26,10:00 AM,68 °F,59 °F,73 °%,NNW,7 °mph,0 °mph,30.13 °in,0.0 °in,Fair
88,2023-09-26,10:30 AM,70 °F,61 °F,73 °%,NNW,3 °mph,0 °mph,30.13 °in,0.0 °in,Fair
89,2023-09-26,11:00 AM,72 °F,63 °F,73 °%,WNW,3 °mph,0 °mph,30.13 °in,0.0 °in,Fair
90,2023-09-26,11:30 AM,73 °F,63 °F,69 °%,WSW,3 °mph,0 °mph,30.13 °in,0.0 °in,Fair
91,2023-09-26,12:00 PM,73 °F,63 °F,69 °%,SW,6 °mph,0 °mph,30.13 °in,0.0 °in,Fair
92,2023-09-26,12:30 PM,75 °F,64 °F,69 °%,SSW,6 °mph,0 °mph,30.13 °in,0.0 °in,Fair
93,2023-09-26,1:00 PM,75 °F,63 °F,65 °%,S,5 °mph,0 °mph,30.13 °in,0.0 °in,Fair
94,2023-09-26,1:30 PM,75 °F,63 °F,65 °%,SSW,6 °mph,0 °mph,30.13 °in,0.0 °in,Fair
95,2023-09-26,2:00 PM,75 °F,63 °F,65 °%,SSW,7 °mph,0 °mph,30.10 °in,0.0 °in,Fair
96,2023-09-26,2:30 PM,75 °F,63 °F,65 °%,S,8 °mph,0 °mph,30.10 °in,0.0 °in,Fair
97,2023-09-26,3:00 PM,75 °F,63 °F,65 °%,S,9 °mph,0 °mph,30.10 °in,0.0 °in,Fair
98,2023-09-26,3:30 PM,75 °F,63 °F,65 °%,S,9 °mph,0 °mph,30.10 °in,0.0 °in,Fair
99,2023-09-26,4:00 PM,75 °F,64 °F,69 °%,S,9 °mph,0 °mph,30.10 °in,0.0 °in,Fair
100,2023-09-26,4:30 PM,75 °F,64 °F,69 °%,S,9 °mph,0 °mph,30.07 °in,0.0 °in,Fair
101,2023-09-26,5:00 PM,75 °F,64 °F,69 °%,S,10 °mph,0 °mph,30.07 °in,0.0 °in,Fair
102,2023-09-26,5:30 PM,75 °F,63 °F,65 °%,SSW,10 °mph,0 °mph,30.07 °in,0.0 °in,Fair
103,2023-09-26,6:00 PM,75 °F,63 °F,65 °%,SSW,9 °mph,0 °mph,30.07 °in,0.0 °in,Fair
104,2023-09-26,6:30 PM,75 °F,61 °F,61 °%,SSW,8 °mph,0 °mph,30.07 °in,0.0 °in,Fair
105,2023-09-26,7:00 PM,75 °F,63 °F,65 °%,SW,7 °mph,0 °mph,30.07 °in,0.0 °in,Fair
106,2023-09-26,7:30 PM,73 °F,63 °F,69 °%,SW,7 °mph,0 °mph,30.07 °in,0.0 °in,Fair
107,2023-09-26,8:00 PM,73 °F,63 °F,69 °%,SW,6 °mph,0 °mph,30.10 °in,0.0 °in,Fair
108,2023-09-26,8:30 PM,72 °F,63 °F,73 °%,SW,6 °mph,0 °mph,30.10 °in,0.0 °in,Fair
109,2023-09-26,9:00 PM,72 °F,63 °F,73 °%,SSW,5 °mph,0 °mph,30.10 °in,0.0 °in,Fair
110,2023-09-26,9:30 PM,72 °F,63 °F,73 °%,SW,5 °mph,0 °mph,30.10 °in,0.0 °in,Fair
111,2023-09-26,10:00 PM,70 °F,63 °F,78 °%,W,6 °mph,0 °mph,30.10 °in,0.0 °in,Fair
112,2023-09-26,10:30 PM,70 °F,61 °F,73 °%,VAR,2 °mph,0 °mph,30.13 °in,0.0 °in,Fair
113,2023-09-26,11:00 PM,70 °F,59 °F,68 °%,NNW,1 °mph,0 °mph,30.13 °in,0.0 °in,Fair
114,2023-09-26,11:30 PM,68 °F,59 °F,73 °%,NW,3 °mph,0 °mph,30.13 °in,0.0 °in,Fair
