Moonset,Year,Month,Day,Moonrise,moon_hours,moon_illumination_percent,moon_distance,moon_phase,Sunrise,Sunset,Start_astronomical_twilight,End_astronomical_twilight,Start_nautical_twilight,End_nautical_twilight,Start_civil_twilight,End_civil_twilight,solar_noon_Time,sun_hours,civil_sun_hours,sun_hours_diff_in_minutes,Hour,condition,precip_percent,precip_inches,cloud_cover_percent,humidity_percent,pressure_inches,temp_celsius,precip_mm,pressure_hPa
16:03,2022,1,1,06:56,9.12,2.7,358.286,,08:17,17:32,06:37,19:11,07:11,18:38,07:46,18:03,12:54,9.2506,10.2833,0.7,,,,,,,,,,
17:05,2022,1,2,08:10,8.92,0.2,358.303,New Moon,08:17,17:33,06:38,19:12,07:11,18:39,07:46,18:04,12:55,9.2633,10.3,0.77,,,,,,,,,,
18:18,2022,1,3,09:14,9.07,1.0,360.399,New Moon,08:17,17:34,06:38,19:13,07:11,18:39,07:46,18:05,12:55,9.2775,10.3167,0.83,,,,,,,,,,
19:34,2022,1,4,10:05,9.48,4.9,364.365,New Moon,08:17,17:35,06:38,19:14,07:11,18:40,07:46,18:06,12:56,9.2925,10.3333,0.9,,,,,,,,,,
20:51,2022,1,5,10:45,10.1,11.4,369.758,New Moon,08:17,17:36,06:38,19:15,07:11,18:41,07:46,18:07,12:56,9.3086,10.35,0.95,,,,,,,,,,
22:04,2022,1,6,11:17,10.78,19.8,376.008,New Moon,08:17,17:36,06:38,19:16,07:11,18:42,07:46,18:07,12:57,9.3256,10.35,1.02,,,,,,,,,,
23:13,2022,1,7,11:44,11.48,29.5,382.525,New Moon,08:17,17:37,06:38,19:16,07:11,18:43,07:46,18:08,12:57,9.3439,10.3667,1.08,,,,,,,,,,
00:18,2022,1,9,12:30,12.2,50.0,394.346,First Quarter,08:17,17:40,06:38,19:18,07:11,18:45,07:46,18:10,12:58,9.3833,10.4,1.2,,,,,,,,,,
01:21,2022,1,10,12:51,11.5,60.0,398.932,First Quarter,08:16,17:41,06:38,19:19,07:11,18:46,07:46,18:11,12:58,9.4044,10.4167,1.27,,,,,,,,,,
02:24,2022,1,11,13:15,10.85,69.4,402.368,First Quarter,08:16,17:42,06:38,19:20,07:11,18:47,07:45,18:12,12:59,9.4264,10.45,1.32,,,,,,,,,,
03:26,2022,1,12,13:40,10.23,78.0,404.602,First Quarter,08:16,17:43,06:38,19:21,07:11,18:48,07:45,18:13,12:59,9.4494,10.4667,1.37,,,,,,,,,,
04:27,2022,1,13,14:10,9.72,85.4,405.673,First Quarter,08:15,17:44,06:37,19:22,07:11,18:49,07:45,18:14,12:59,9.4733,10.4833,1.43,,,,,,,,,,
05:28,2022,1,14,14:45,9.28,91.5,405.691,First Quarter,08:15,17:45,06:37,19:23,07:10,18:50,07:44,18:15,13:00,9.4983,10.5167,1.48,,,,,,,,,,
06:27,2022,1,15,15:26,8.98,96.1,404.807,First Quarter,08:15,17:46,06:37,19:24,07:10,18:51,07:44,18:17,13:00,9.5239,10.55,1.53,,,,,,,,,,
07:22,2022,1,16,16:15,8.88,,,First Quarter,08:14,17:47,06:37,19:25,07:10,18:52,07:44,18:18,13:01,9.5506,10.5667,1.58,,,,,,,,,,
08:11,2022,1,17,17:11,9.0,98.9,403.189,First Quarter,08:14,17:48,06:36,19:26,07:09,18:53,07:43,18:19,13:01,9.5781,10.6,1.63,,,,,,,,,,
08:53,2022,1,18,18:12,9.32,99.9,400.995,Full Moon,08:13,17:50,06:36,19:27,07:09,18:54,07:43,18:20,13:01,9.6061,10.6167,1.68,,,,,,,,,,
09:29,2022,1,19,19:17,9.8,98.8,398.352,Full Moon,08:13,17:51,06:36,19:28,07:09,18:55,07:42,18:21,13:01,9.6353,10.65,1.73,,,,,,,,,,
10:00,2022,1,20,20:22,10.37,95.7,395.345,Full Moon,08:12,17:52,06:35,19:29,07:08,18:56,07:42,18:22,13:02,9.665,10.6667,1.78,,,,,,,,,,
10:26,2022,1,21,21:28,11.03,90.6,392.021,Full Moon,08:11,17:53,06:35,19:30,07:08,18:57,07:41,18:23,13:02,9.6956,10.7,1.82,,,,,,,,,,
10:51,2022,1,22,22:34,11.72,83.6,388.399,Full Moon,08:11,17:54,06:34,19:31,07:07,18:58,07:41,18:24,13:02,9.7267,10.7167,1.87,,,,,,,,,,
11:14,2022,1,23,23:41,12.45,74.9,384.499,Full Moon,08:10,17:56,06:34,19:32,07:06,18:59,07:40,18:25,13:03,9.7586,10.75,1.9,,,,,,,,,,
12:02,2022,1,25,00:50,11.2,53.9,376.107,Third Quarter,08:09,17:58,06:33,19:34,07:05,19:01,07:39,18:28,13:03,9.8244,10.8167,1.98,,,,,,,,,,
12:31,2022,1,26,02:02,10.48,42.4,371.911,Third Quarter,08:08,17:59,06:32,19:35,07:05,19:02,07:38,18:29,13:03,9.8583,10.85,2.03,,,,,,,,,,
13:06,2022,1,27,03:16,9.83,31.0,368.06,Third Quarter,08:07,18:01,06:31,19:36,07:04,19:04,07:37,18:30,13:03,9.8931,10.8833,2.07,,,,,,,,,,
13:50,2022,1,28,04:33,9.28,20.4,364.913,Third Quarter,08:06,18:02,06:31,19:37,07:03,19:05,07:37,18:31,13:04,9.9281,10.9,2.1,,,,,,,,,,
14:44,2022,1,29,05:47,8.95,11.4,362.864,Third Quarter,08:05,18:03,06:30,19:38,07:02,19:06,07:36,18:33,13:04,9.9639,10.95,2.13,,,,,,,,,,
15:50,2022,1,30,06:54,8.93,4.8,362.265,Third Quarter,08:04,18:04,06:29,19:39,07:02,19:07,07:35,18:34,13:04,10.0,10.9833,2.17,,,,,,,,,,
17:05,2022,1,31,07:51,9.23,1.0,363.33,Third Quarter,08:03,18:06,06:28,19:41,07:01,19:08,07:34,18:35,13:04,10.0369,11.0167,2.2,,,,,,,,,,
18:23,2022,2,1,08:36,9.78,0.3,366.07,New Moon,08:02,18:07,06:28,19:42,07:00,19:09,07:33,18:36,13:04,10.0742,11.05,2.23,,,,,,,,,,
19:39,2022,2,2,09:12,10.45,2.6,370.281,New Moon,08:01,18:08,06:27,19:43,06:59,19:10,07:32,18:37,13:04,10.1122,11.0833,2.27,,,,,,,,,,
20:51,2022,2,3,09:42,11.15,7.4,375.578,New Moon,08:00,18:09,06:26,19:44,06:58,19:11,07:31,18:38,13:05,10.1506,11.1167,2.28,,,,,,,,,,
22:00,2022,2,4,10:07,11.88,14.4,381.474,New Moon,07:59,18:11,06:25,19:45,06:57,19:13,07:30,18:40,13:05,10.1892,11.1667,2.32,,,,,,,,,,
23:07,2022,2,5,10:31,12.6,22.7,387.45,New Moon,07:58,18:12,06:24,19:46,06:56,19:14,07:29,18:41,13:05,10.2283,11.2,2.35,,,,,,,,,,
00:11,2022,2,7,11:16,11.08,41.9,397.781,New Moon,07:56,18:14,06:22,19:48,06:54,19:16,07:27,18:43,13:05,10.3081,11.2667,2.4,,,,,,,,,,
01:14,2022,2,8,11:41,10.45,51.8,401.437,First Quarter,07:55,18:16,06:21,19:49,06:53,19:17,07:26,18:44,13:05,10.3486,11.3,2.42,,,,,,,,,,
02:17,2022,2,9,12:09,9.87,61.4,403.811,First Quarter,07:54,18:17,06:20,19:51,06:52,19:18,07:25,18:46,13:05,10.3894,11.35,2.43,,,,,,,,,,
03:19,2022,2,10,12:42,9.38,70.6,404.843,First Quarter,07:52,18:18,06:19,19:52,06:51,19:19,07:24,18:47,13:05,10.4306,11.3833,2.47,,,,,,,,,,
04:19,2022,2,11,13:21,9.03,79.0,404.585,First Quarter,07:51,18:19,06:18,19:53,06:50,19:21,07:23,18:48,13:05,10.4719,11.4167,2.48,,,,,,,,,,
05:15,2022,2,12,14:07,8.87,86.3,403.179,First Quarter,07:50,18:21,06:17,19:54,06:49,19:22,07:21,18:49,13:05,10.5139,11.4667,2.5,,,,,,,,,,
06:06,2022,2,13,15:01,8.92,92.4,400.84,First Quarter,07:49,18:22,06:16,19:55,06:48,19:23,07:20,18:50,13:05,10.5561,11.5,2.52,,,,,,,,,,
06:51,2022,2,14,16:01,9.17,96.8,397.824,First Quarter,07:47,18:23,06:14,19:56,06:46,19:24,07:19,18:52,13:05,10.5983,11.55,2.53,,,,,,,,,,
07:29,2022,2,15,17:05,9.6,,,First Quarter,07:46,18:24,06:13,19:57,06:45,19:25,07:18,18:53,13:05,10.6411,11.5833,2.55,,,,,,,,,,
08:01,2022,2,16,18:11,10.17,99.3,394.394,Full Moon,07:45,18:26,06:12,19:58,06:44,19:26,07:16,18:54,13:05,10.6842,11.6333,2.57,,,,,,,,,,
08:30,2022,2,17,19:18,10.8,99.7,390.792,Full Moon,07:43,18:27,06:11,20:00,06:43,19:27,07:15,18:55,13:05,10.7272,11.6667,2.58,,,,,,,,,,
08:55,2022,2,18,20:26,11.52,97.9,387.209,Full Moon,07:42,18:28,06:09,20:01,06:41,19:29,07:14,18:56,13:05,10.7708,11.7,2.6,,,,,,,,,,
09:18,2022,2,19,21:33,12.25,93.8,383.779,Full Moon,07:40,18:29,06:08,20:02,06:40,19:30,07:12,18:57,13:05,10.8144,11.75,2.62,,,,,,,,,,
09:42,2022,2,20,22:42,13.0,87.5,380.571,Full Moon,07:39,18:31,06:07,20:03,06:39,19:31,07:11,18:59,13:04,10.8583,11.8,2.63,,,,,,,,,,
10:06,2022,2,21,23:53,13.78,79.3,377.614,Full Moon,07:38,18:32,06:05,20:04,06:37,19:32,07:10,19:00,13:04,10.9025,11.8333,2.63,,,,,,,,,,
11:05,2022,2,23,01:06,9.98,58.3,372.506,Third Quarter,07:35,18:34,06:03,20:06,06:35,19:34,07:07,19:02,13:04,10.9914,11.9167,2.67,,,,,,,,,,
11:45,2022,2,24,02:21,9.4,46.5,370.446,Third Quarter,07:33,18:35,06:01,20:07,06:33,19:35,07:05,19:03,13:04,11.0361,11.9667,2.67,,,,,,,,,,
12:34,2022,2,25,03:34,9.0,34.8,368.864,Third Quarter,07:32,18:37,06:00,20:09,06:32,19:37,07:04,19:04,13:04,11.0808,12.0,2.68,,,,,,,,,,
13:34,2022,2,26,04:42,8.87,23.9,367.942,Third Quarter,07:30,18:38,05:58,20:10,06:30,19:38,07:02,19:06,13:04,11.1258,12.0667,2.7,,,,,,,,,,
14:43,2022,2,27,05:41,9.03,14.4,367.881,Third Quarter,07:29,18:39,05:57,20:11,06:29,19:39,07:01,19:07,13:03,11.1711,12.1,2.7,,,,,,,,,,
15:58,2022,2,28,06:29,9.48,7.1,368.859,Third Quarter,07:27,18:40,05:55,20:12,06:27,19:40,06:59,19:08,13:03,11.2164,12.15,2.72,,,,,,,,,,
,2022,1,8,,,,,New Moon,08:17,17:38,06:38,19:17,07:11,18:44,07:46,18:09,12:57,9.3631,10.3833,1.15,,,,,,,,,,
,2022,1,24,,,,,Full Moon,08:09,17:57,06:33,19:33,07:06,19:00,07:39,18:27,13:03,9.7911,10.8,1.95,,,,,,,,,,
,2022,2,6,,,,,New Moon,07:57,18:13,06:23,19:47,06:55,19:15,07:28,18:42,13:05,10.2681,11.2333,2.37,,,,,,,,,,
,2022,2,22,,,,,Full Moon,07:36,18:33,06:04,20:05,06:36,19:33,07:08,19:01,13:04,10.9467,11.8833,2.65,,,,,,,,,,
,2022,3,1,,,,,Third Quarter,,,,,,,,,,,,,,,,,,,,,,
,2022,3,2,,,,,New Moon,,,,,,,,,,,,,,,,,,,,,,
,2022,3,3,,,,,New Moon,,,,,,,,,,,,,,,,,,,,,,
,2022,3,4,,,,,New Moon,,,,,,,,,,,,,,,,,,,,,,
,2022,3,5,,,,,New Moon,,,,,,,,,,,,,,,,,,,,,,
,2022,3,6,,,,,New Moon,,,,,,,,,,,,,,,,,,,,,,
,2022,3,7,,,,,New Moon,,,,,,,,,,,,,,,,,,,,,,
,2022,3,8,,,,,New Moon,,,,,,,,,,,,,,,,,,,,,,
,2022,3,9,,,,,New Moon,,,,,,,,,,,,,,,,,,,,,,
,2022,3,10,,,,,First Quarter,,,,,,,,,,,,,,,,,,,,,,
,2022,3,11,,,,,First Quarter,,,,,,,,,,,,,,,,,,,,,,
,2022,3,12,,,,,First Quarter,,,,,,,,,,,,,,,,,,,,,,
,2022,3,13,,,,,First Quarter,,,,,,,,,,,,,,,,,,,,,,
,2022,3,14,,,,,First Quarter,,,,,,,,,,,,,,,,,,,,,,
,2022,3,15,,,,,First Quarter,,,,,,,,,,,,,,,,,,,,,,
,2022,3,16,,,,,First Quarter,,,,,,,,,,,,,,,,,,,,,,
,2022,3,17,,,,,First Quarter,,,,,,,,,,,,,,,,,,,,,,
,2022,3,18,,,,,Full Moon,,,,,,,,,,,,,,,,,,,,,,
,2022,3,19,,,,,Full Moon,,,,,,,,,,,,,,,,,,,,,,
,2022,3,20,,,,,Full Moon,,,,,,,,,,,,,,,,,,,,,,
,2022,3,21,,,,,Full Moon,,,,,,,,,,,,,,,,,,,,,,
,2022,3,22,,,,,Full Moon,,,,,,,,,,,,,,,,,,,,,,
,2022,3,23,,,,,Full Moon,,,,,,,,,,,,,,,,,,,,,,
,2022,3,24,,,,,Full Moon,,,,,,,,,,,,,,,,,,,,,,
,2022,3,25,,,,,Third Quarter,,,,,,,,,,,,,,,,,,,,,,
,2022,3,26,,,,,Third Quarter,,,,,,,,,,,,,,,,,,,,,,
,2022,3,27,,,,,Third Quarter,,,,,,,,,,,,,,,,,,,,,,
,2022,3,28,,,,,Third Quarter,,,,,,,,,,,,,,,,,,,,,,
,2022,3,29,,,,,Third Quarter,,,,,,,,,,,,,,,,,,,,,,
,2022,3,30,,,,,Third Quarter,,,,,,,,,,,,,,,,,,,,,,
,2022,3,31,,,,,Third Quarter,,,,,,,,,,,,,,,,,,,,,,
,2022,4,1,,,,,New Moon,,,,,,,,,,,,,,,,,,,,,,
,2022,4,2,,,,,New Moon,,,,,,,,,,,,,,,,,,,,,,
,2022,4,3,,,,,New Moon,,,,,,,,,,,,,,,,,,,,,,
,2022,4,4,,,,,New Moon,,,,,,,,,,,,,,,,,,,,,,
,2022,4,5,,,,,New Moon,,,,,,,,,,,,,,,,,,,,,,
,2022,4,6,,,,,New Moon,,,,,,,,,,,,,,,,,,,,,,
,2022,4,7,,,,,New Moon,,,,,,,,,,,,,,,,,,,,,,
,2022,4,8,,,,,New Moon,,,,,,,,,,,,,,,,,,,,,,
,2022,4,9,,,,,First Quarter,,,,,,,,,,,,,,,,,,,,,,
,2022,4,10,,,,,First Quarter,,,,,,,,,,,,,,,,,,,,,,
,2022,4,11,,,,,First Quarter,,,,,,,,,,,,,,,,,,,,,,
,2022,4,12,,,,,First Quarter,,,,,,,,,,,,,,,,,,,,,,
,2022,4,13,,,,,First Quarter,,,,,,,,,,,,,,,,,,,,,,
,2022,4,14,,,,,First Quarter,,,,,,,,,,,,,,,,,,,,,,
,2022,4,15,,,,,First Quarter,,,,,,,,,,,,,,,,,,,,,,
,2022,4,16,,,,,Full Moon,,,,,,,,,,,,,,,,,,,,,,
,2022,4,17,,,,,Full Moon,,,,,,,,,,,,,,,,,,,,,,
,2022,4,18,,,,,Full Moon,,,,,,,,,,,,,,,,,,,,,,
,2022,4,19,,,,,Full Moon,,,,,,,,,,,,,,,,,,,,,,
,2022,4,20,,,,,Full Moon,,,,,,,,,,,,,,,,,,,,,,
,2022,4,21,,,,,Full Moon,,,,,,,,,,,,,,,,,,,,,,
,2022,4,22,,,,,Full Moon,,,,,,,,,,,,,,,,,,,,,,
,2022,4,23,,,,,Third Quarter,,,,,,,,,,,,,,,,,,,,,,
,2022,4,24,,,,,Third Quarter,,,,,,,,,,,,,,,,,,,,,,
,2022,4,25,,,,,Third Quarter,,,,,,,,,,,,,,,,,,,,,,
,2022,4,26,,,,,Third Quarter,,,,,,,,,,,,,,,,,,,,,,
,2022,4,27,,,,,Third Quarter,,,,,,,,,,,,,,,,,,,,,,
,2022,4,28,,,,,Third Quarter,,,,,,,,,,,,,,,,,,,,,,
,2022,4,29,,,,,Third Quarter,,,,,,,,,,,,,,,,,,,,,,
,2022,4,30,,,,,New Moon,,,,,,,,,,,,,,,,,,,,,,
,2022,5,1,,,,,New Moon,,,,,,,,,,,,,,,,,,,,,,
,2022,5,2,,,,,New Moon,,,,,,,,,,,,,,,,,,,,,,
,2022,5,3,,,,,New Moon,,,,,,,,,,,,,,,,,,,,,,
,2022,5,4,,,,,New Moon,,,,,,,,,,,,,,,,,,,,,,
,2022,5,5,,,,,New Moon,,,,,,,,,,,,,,,,,,,,,,
,2022,5,6,,,,,New Moon,,,,,,,,,,,,,,,,,,,,,,
,2022,5,7,,,,,New Moon,,,,,,,,,,,,,,,,,,,,,,
,2022,5,8,,,,,New Moon,,,,,,,,,,,,,,,,,,,,,,
,2022,5,9,,,,,First Quarter,,,,,,,,,,,,,,,,,,,,,,
,2022,5,10,,,,,First Quarter,,,,,,,,,,,,,,,,,,,,,,
,2022,5,11,,,,,First Quarter,,,,,,,,,,,,,,,,,,,,,,
,2022,5,12,,,,,First Quarter,,,,,,,,,,,,,,,,,,,,,,
,2022,5,13,,,,,First Quarter,,,,,,,,,,,,,,,,,,,,,,
,2022,5,14,,,,,First Quarter,,,,,,,,,,,,,,,,,,,,,,
,2022,5,15,,,,,First Quarter,,,,,,,,,,,,,,,,,,,,,,
,2022,5,16,,,,,Full Moon,,,,,,,,,,,,,,,,,,,,,,
,2022,5,17,,,,,Full Moon,,,,,,,,,,,,,,,,,,,,,,
,2022,5,18,,,,,Full Moon,,,,,,,,,,,,,,,,,,,,,,
,2022,5,19,,,,,Full Moon,,,,,,,,,,,,,,,,,,,,,,
,2022,5,20,,,,,Full Moon,,,,,,,,,,,,,,,,,,,,,,
,2022,5,21,,,,,Full Moon,,,,,,,,,,,,,,,,,,,,,,
,2022,5,22,,,,,Third Quarter,,,,,,,,,,,,,,,,,,,,,,
,2022,5,23,,,,,Third Quarter,,,,,,,,,,,,,,,,,,,,,,
,2022,5,24,,,,,Third Quarter,,,,,,,,,,,,,,,,,,,,,,
,2022,5,25,,,,,Third Quarter,,,,,,,,,,,,,,,,,,,,,,
,2022,5,26,,,,,Third Quarter,,,,,,,,,,,,,,,,,,,,,,
,2022,5,27,,,,,Third Quarter,,,,,,,,,,,,,,,,,,,,,,
,2022,5,28,,,,,Third Quarter,,,,,,,,,,,,,,,,,,,,,,
,2022,5,29,,,,,Third Quarter,,,,,,,,,,,,,,,,,,,,,,
,2022,5,30,,,,,New Moon,,,,,,,,,,,,,,,,,,,,,,
,2022,5,31,,,,,New Moon,,,,,,,,,,,,,,,,,,,,,,
,2022,6,1,,,,,New Moon,,,,,,,,,,,,,,,,,,,,,,
,2022,6,2,,,,,New Moon,,,,,,,,,,,,,,,,,,,,,,
,2022,6,3,,,,,New Moon,,,,,,,,,,,,,,,,,,,,,,
,2022,6,4,,,,,New Moon,,,,,,,,,,,,,,,,,,,,,,
,2022,6,5,,,,,New Moon,,,,,,,,,,,,,,,,,,,,,,
,2022,6,6,,,,,New Moon,,,,,,,,,,,,,,,,,,,,,,
,2022,6,7,,,,,First Quarter,,,,,,,,,,,,,,,,,,,,,,
,2022,6,8,,,,,First Quarter,,,,,,,,,,,,,,,,,,,,,,
,2022,6,9,,,,,First Quarter,,,,,,,,,,,,,,,,,,,,,,
,2022,6,10,,,,,First Quarter,,,,,,,,,,,,,,,,,,,,,,
,2022,6,11,,,,,First Quarter,,,,,,,,,,,,,,,,,,,,,,
,2022,6,12,,,,,First Quarter,,,,,,,,,,,,,,,,,,,,,,
,2022,6,13,,,,,First Quarter,,,,,,,,,,,,,,,,,,,,,,
,2022,6,14,,,,,Full Moon,,,,,,,,,,,,,,,,,,,,,,
,2022,6,15,,,,,Full Moon,,,,,,,,,,,,,,,,,,,,,,
,2022,6,16,,,,,Full Moon,,,,,,,,,,,,,,,,,,,,,,
,2022,6,17,,,,,Full Moon,,,,,,,,,,,,,,,,,,,,,,
,2022,6,18,,,,,Full Moon,,,,,,,,,,,,,,,,,,,,,,
,2022,6,19,,,,,Full Moon,,,,,,,,,,,,,,,,,,,,,,
,2022,6,20,,,,,Full Moon,,,,,,,,,,,,,,,,,,,,,,
,2022,6,21,,,,,Third Quarter,,,,,,,,,,,,,,,,,,,,,,
,2022,6,22,,,,,Third Quarter,,,,,,,,,,,,,,,,,,,,,,
,2022,6,23,,,,,Third Quarter,,,,,,,,,,,,,,,,,,,,,,
,2022,6,24,,,,,Third Quarter,,,,,,,,,,,,,,,,,,,,,,
,2022,6,25,,,,,Third Quarter,,,,,,,,,,,,,,,,,,,,,,
,2022,6,26,,,,,Third Quarter,,,,,,,,,,,,,,,,,,,,,,
,2022,6,27,,,,,Third Quarter,,,,,,,,,,,,,,,,,,,,,,
,2022,6,28,,,,,Third Quarter,,,,,,,,,,,,,,,,,,,,,,
,2022,6,29,,,,,New Moon,,,,,,,,,,,,,,,,,,,,,,
,2022,6,30,,,,,New Moon,,,,,,,,,,,,,,,,,,,,,,
,2022,7,1,,,,,New Moon,,,,,,,,,,,,,,,,,,,,,,
,2022,7,2,,,,,New Moon,,,,,,,,,,,,,,,,,,,,,,
,2022,7,3,,,,,New Moon,,,,,,,,,,,,,,,,,,,,,,
,2022,7,4,,,,,New Moon,,,,,,,,,,,,,,,,,,,,,,
,2022,7,5,,,,,New Moon,,,,,,,,,,,,,,,,,,,,,,
,2022,7,6,,,,,New Moon,,,,,,,,,,,,,,,,,,,,,,
,2022,7,7,,,,,First Quarter,,,,,,,,,,,,,,,,,,,,,,
,2022,7,8,,,,,First Quarter,,,,,,,,,,,,,,,,,,,,,,
,2022,7,9,,,,,First Quarter,,,,,,,,,,,,,,,,,,,,,,
,2022,7,10,,,,,First Quarter,,,,,,,,,,,,,,,,,,,,,,
,2022,7,11,,,,,First Quarter,,,,,,,,,,,,,,,,,,,,,,
,2022,7,12,,,,,First Quarter,,,,,,,,,,,,,,,,,,,,,,
,2022,7,13,,,,,Full Moon,,,,,,,,,,,,,,,,,,,,,,
,2022,7,14,,,,,Full Moon,,,,,,,,,,,,,,,,,,,,,,
,2022,7,15,,,,,Full Moon,,,,,,,,,,,,,,,,,,,,,,
,2022,7,16,,,,,Full Moon,,,,,,,,,,,,,,,,,,,,,,
,2022,7,17,,,,,Full Moon,,,,,,,,,,,,,,,,,,,,,,
,2022,7,18,,,,,Full Moon,,,,,,,,,,,,,,,,,,,,,,
,2022,7,19,,,,,Full Moon,,,,,,,,,,,,,,,,,,,,,,
,2022,7,20,,,,,Third Quarter,,,,,,,,,,,,,,,,,,,,,,
,2022,7,21,,,,,Third Quarter,,,,,,,,,,,,,,,,,,,,,,
,2022,7,22,,,,,Third Quarter,,,,,,,,,,,,,,,,,,,,,,
,2022,7,23,,,,,Third Quarter,,,,,,,,,,,,,,,,,,,,,,
,2022,7,24,,,,,Third Quarter,,,,,,,,,,,,,,,,,,,,,,
,2022,7,25,,,,,Third Quarter,,,,,,,,,,,,,,,,,,,,,,
,2022,7,26,,,,,Third Quarter,,,,,,,,,,,,,,,,,,,,,,
,2022,7,27,,,,,Third Quarter,,,,,,,,,,,,,,,,,,,,,,
,2022,7,28,,,,,New Moon,,,,,,,,,,,,,,,,,,,,,,
,2022,7,29,,,,,New Moon,,,,,,,,,,,,,,,,,,,,,,
,2022,7,30,,,,,New Moon,,,,,,,,,,,,,,,,,,,,,,
,2022,7,31,,,,,New Moon,,,,,,,,,,,,,,,,,,,,,,
,2022,8,1,,,,,New Moon,,,,,,,,,,,,,,,,,,,,,,
,2022,8,2,,,,,New Moon,,,,,,,,,,,,,,,,,,,,,,
,2022,8,3,,,,,New Moon,,,,,,,,,,,,,,,,,,,,,,
,2022,8,4,,,,,New Moon,,,,,,,,,,,,,,,,,,,,,,
,2022,8,5,,,,,First Quarter,,,,,,,,,,,,,,,,,,,,,,
,2022,8,6,,,,,First Quarter,,,,,,,,,,,,,,,,,,,,,,
,2022,8,7,,,,,First Quarter,,,,,,,,,,,,,,,,,,,,,,
,2022,8,8,,,,,First Quarter,,,,,,,,,,,,,,,,,,,,,,
,2022,8,9,,,,,First Quarter,,,,,,,,,,,,,,,,,,,,,,
,2022,8,10,,,,,First Quarter,,,,,,,,,,,,,,,,,,,,,,
,2022,8,11,,,,,First Quarter,,,,,,,,,,,,,,,,,,,,,,
,2022,8,12,,,,,Full Moon,,,,,,,,,,,,,,,,,,,,,,
,2022,8,13,,,,,Full Moon,,,,,,,,,,,,,,,,,,,,,,
,2022,8,14,,,,,Full Moon,,,,,,,,,,,,,,,,,,,,,,
,2022,8,15,,,,,Full Moon,,,,,,,,,,,,,,,,,,,,,,
,2022,8,16,,,,,Full Moon,,,,,,,,,,,,,,,,,,,,,,
,2022,8,17,,,,,Full Moon,,,,,,,,,,,,,,,,,,,,,,
,2022,8,18,,,,,Full Moon,,,,,,,,,,,,,,,,,,,,,,
,2022,8,19,,,,,Third Quarter,,,,,,,,,,,,,,,,,,,,,,
,2022,8,20,,,,,Third Quarter,,,,,,,,,,,,,,,,,,,,,,
,2022,8,21,,,,,Third Quarter,,,,,,,,,,,,,,,,,,,,,,
,2022,8,22,,,,,Third Quarter,,,,,,,,,,,,,,,,,,,,,,
,2022,8,23,,,,,Third Quarter,,,,,,,,,,,,,,,,,,,,,,
,2022,8,24,,,,,Third Quarter,,,,,,,,,,,,,,,,,,,,,,
,2022,8,25,,,,,Third Quarter,,,,,,,,,,,,,,,,,,,,,,
,2022,8,26,,,,,Third Quarter,,,,,,,,,,,,,,,,,,,,,,
,2022,8,27,,,,,New Moon,,,,,,,,,,,,,,,,,,,,,,
,2022,8,28,,,,,New Moon,,,,,,,,,,,,,,,,,,,,,,
,2022,8,29,,,,,New Moon,,,,,,,,,,,,,,,,,,,,,,
,2022,8,30,,,,,New Moon,,,,,,,,,,,,,,,,,,,,,,
,2022,8,31,,,,,New Moon,,,,,,,,,,,,,,,,,,,,,,
,2022,9,1,,,,,New Moon,,,,,,,,,,,,,,,,,,,,,,
,2022,9,2,,,,,New Moon,,,,,,,,,,,,,,,,,,,,,,
,2022,9,3,,,,,First Quarter,,,,,,,,,,,,,,,,,,,,,,
,2022,9,4,,,,,First Quarter,,,,,,,,,,,,,,,,,,,,,,
,2022,9,5,,,,,First Quarter,,,,,,,,,,,,,,,,,,,,,,
,2022,9,6,,,,,First Quarter,,,,,,,,,,,,,,,,,,,,,,
,2022,9,7,,,,,First Quarter,,,,,,,,,,,,,,,,,,,,,,
,2022,9,8,,,,,First Quarter,,,,,,,,,,,,,,,,,,,,,,
,2022,9,9,,,,,First Quarter,,,,,,,,,,,,,,,,,,,,,,
,2022,9,10,,,,,Full Moon,,,,,,,,,,,,,,,,,,,,,,
,2022,9,11,,,,,Full Moon,,,,,,,,,,,,,,,,,,,,,,
,2022,9,12,,,,,Full Moon,,,,,,,,,,,,,,,,,,,,,,
,2022,9,13,,,,,Full Moon,,,,,,,,,,,,,,,,,,,,,,
,2022,9,14,,,,,Full Moon,,,,,,,,,,,,,,,,,,,,,,
,2022,9,15,,,,,Full Moon,,,,,,,,,,,,,,,,,,,,,,
,2022,9,16,,,,,Full Moon,,,,,,,,,,,,,,,,,,,,,,
,2022,9,17,,,,,Third Quarter,,,,,,,,,,,,,,,,,,,,,,
,2022,9,18,,,,,Third Quarter,,,,,,,,,,,,,,,,,,,,,,
,2022,9,19,,,,,Third Quarter,,,,,,,,,,,,,,,,,,,,,,
,2022,9,20,,,,,Third Quarter,,,,,,,,,,,,,,,,,,,,,,
,2022,9,21,,,,,Third Quarter,,,,,,,,,,,,,,,,,,,,,,
,2022,9,22,,,,,Third Quarter,,,,,,,,,,,,,,,,,,,,,,
,2022,9,23,,,,,Third Quarter,,,,,,,,,,,,,,,,,,,,,,
,2022,9,24,,,,,Third Quarter,,,,,,,,,,,,,,,,,,,,,,
,2022,9,25,,,,,New Moon,,,,,,,,,,,,,,,,,,,,,,
,2022,9,26,,,,,New Moon,,,,,,,,,,,,,,,,,,,,,,
,2022,9,27,,,,,New Moon,,,,,,,,,,,,,,,,,,,,,,
,2022,9,28,,,,,New Moon,,,,,,,,,,,,,,,,,,,,,,
,2022,9,29,,,,,New Moon,,,,,,,,,,,,,,,,,,,,,,
,2022,9,30,,,,,New Moon,,,,,,,,,,,,,,,,,,,,,,
,2022,10,1,,,,,New Moon,,,,,,,,,,,,,,,,,,,,,,
,2022,10,2,,,,,New Moon,,,,,,,,,,,,,,,,,,,,,,
,2022,10,3,,,,,First Quarter,,,,,,,,,,,,,,,,,,,,,,
,2022,10,4,,,,,First Quarter,,,,,,,,,,,,,,,,,,,,,,
,2022,10,5,,,,,First Quarter,,,,,,,,,,,,,,,,,,,,,,
,2022,10,6,,,,,First Quarter,,,,,,,,,,,,,,,,,,,,,,
,2022,10,7,,,,,First Quarter,,,,,,,,,,,,,,,,,,,,,,
,2022,10,8,,,,,First Quarter,,,,,,,,,,,,,,,,,,,,,,
,2022,10,9,,,,,Full Moon,,,,,,,,,,,,,,,,,,,,,,
,2022,10,10,,,,,Full Moon,,,,,,,,,,,,,,,,,,,,,,
,2022,10,11,,,,,Full Moon,,,,,,,,,,,,,,,,,,,,,,
,2022,10,12,,,,,Full Moon,,,,,,,,,,,,,,,,,,,,,,
,2022,10,13,,,,,Full Moon,,,,,,,,,,,,,,,,,,,,,,
,2022,10,14,,,,,Full Moon,,,,,,,,,,,,,,,,,,,,,,
,2022,10,15,,,,,Full Moon,,,,,,,,,,,,,,,,,,,,,,
,2022,10,16,,,,,Full Moon,,,,,,,,,,,,,,,,,,,,,,
,2022,10,17,,,,,Third Quarter,,,,,,,,,,,,,,,,,,,,,,
,2022,10,18,,,,,Third Quarter,,,,,,,,,,,,,,,,,,,,,,
,2022,10,19,,,,,Third Quarter,,,,,,,,,,,,,,,,,,,,,,
,2022,10,20,,,,,Third Quarter,,,,,,,,,,,,,,,,,,,,,,
,2022,10,21,,,,,Third Quarter,,,,,,,,,,,,,,,,,,,,,,
,2022,10,22,,,,,Third Quarter,,,,,,,,,,,,,,,,,,,,,,
,2022,10,23,,,,,Third Quarter,,,,,,,,,,,,,,,,,,,,,,
,2022,10,24,,,,,Third Quarter,,,,,,,,,,,,,,,,,,,,,,
,2022,10,25,,,,,New Moon,,,,,,,,,,,,,,,,,,,,,,
,2022,10,26,,,,,New Moon,,,,,,,,,,,,,,,,,,,,,,
,2022,10,27,,,,,New Moon,,,,,,,,,,,,,,,,,,,,,,
,2022,10,28,,,,,New Moon,,,,,,,,,,,,,,,,,,,,,,
,2022,10,29,,,,,New Moon,,,,,,,,,,,,,,,,,,,,,,
,2022,10,30,,,,,New Moon,,,,,,,,,,,,,,,,,,,,,,
,2022,10,31,,,,,New Moon,,,,,,,,,,,,,,,,,,,,,,
,2022,11,1,,,,,First Quarter,,,,,,,,,,,,,,,,,,,,,,
,2022,11,2,,,,,First Quarter,,,,,,,,,,,,,,,,,,,,,,
,2022,11,3,,,,,First Quarter,,,,,,,,,,,,,,,,,,,,,,
,2022,11,4,,,,,First Quarter,,,,,,,,,,,,,,,,,,,,,,
,2022,11,5,,,,,First Quarter,,,,,,,,,,,,,,,,,,,,,,
,2022,11,6,,,,,First Quarter,,,,,,,,,,,,,,,,,,,,,,
,2022,11,7,,,,,First Quarter,,,,,,,,,,,,,,,,,,,,,,
,2022,11,8,,,,,Full Moon,,,,,,,,,,,,,,,,,,,,,,
,2022,11,9,,,,,Full Moon,,,,,,,,,,,,,,,,,,,,,,
,2022,11,10,,,,,Full Moon,,,,,,,,,,,,,,,,,,,,,,
,2022,11,11,,,,,Full Moon,,,,,,,,,,,,,,,,,,,,,,
,2022,11,12,,,,,Full Moon,,,,,,,,,,,,,,,,,,,,,,
,2022,11,13,,,,,Full Moon,,,,,,,,,,,,,,,,,,,,,,
,2022,11,14,,,,,Full Moon,,,,,,,,,,,,,,,,,,,,,,
,2022,11,15,,,,,Full Moon,,,,,,,,,,,,,,,,,,,,,,
,2022,11,16,,,,,Third Quarter,,,,,,,,,,,,,,,,,,,,,,
,2022,11,17,,,,,Third Quarter,,,,,,,,,,,,,,,,,,,,,,
,2022,11,18,,,,,Third Quarter,,,,,,,,,,,,,,,,,,,,,,
,2022,11,19,,,,,Third Quarter,,,,,,,,,,,,,,,,,,,,,,
,2022,11,20,,,,,Third Quarter,,,,,,,,,,,,,,,,,,,,,,
,2022,11,21,,,,,Third Quarter,,,,,,,,,,,,,,,,,,,,,,
,2022,11,22,,,,,Third Quarter,,,,,,,,,,,,,,,,,,,,,,
,2022,11,23,,,,,New Moon,,,,,,,,,,,,,,,,,,,,,,
,2022,11,24,,,,,New Moon,,,,,,,,,,,,,,,,,,,,,,
,2022,11,25,,,,,New Moon,,,,,,,,,,,,,,,,,,,,,,
,2022,11,26,,,,,New Moon,,,,,,,,,,,,,,,,,,,,,,
,2022,11,27,,,,,New Moon,,,,,,,,,,,,,,,,,,,,,,
,2022,11,28,,,,,New Moon,,,,,,,,,,,,,,,,,,,,,,
,2022,11,29,,,,,New Moon,,,,,,,,,,,,,,,,,,,,,,
,2022,11,30,,,,,First Quarter,,,,,,,,,,,,,,,,,,,,,,
,2022,12,1,,,,,First Quarter,,,,,,,,,,,,,,,,,,,,,,
,2022,12,2,,,,,First Quarter,,,,,,,,,,,,,,,,,,,,,,
,2022,12,3,,,,,First Quarter,,,,,,,,,,,,,,,,,,,,,,
,2022,12,4,,,,,First Quarter,,,,,,,,,,,,,,,,,,,,,,
,2022,12,5,,,,,First Quarter,,,,,,,,,,,,,,,,,,,,,,
,2022,12,6,,,,,First Quarter,,,,,,,,,,,,,,,,,,,,,,
,2022,12,7,,,,,First Quarter,,,,,,,,,,,,,,,,,,,,,,
,2022,12,8,,,,,Full Moon,,,,,,,,,,,,,,,,,,,,,,
,2022,12,9,,,,,Full Moon,,,,,,,,,,,,,,,,,,,,,,
,2022,12,10,,,,,Full Moon,,,,,,,,,,,,,,,,,,,,,,
,2022,12,11,,,,,Full Moon,,,,,,,,,,,,,,,,,,,,,,
,2022,12,12,,,,,Full Moon,,,,,,,,,,,,,,,,,,,,,,
,2022,12,13,,,,,Full Moon,,,,,,,,,,,,,,,,,,,,,,
,2022,12,14,,,,,Full Moon,,,,,,,,,,,,,,,,,,,,,,
,2022,12,15,,,,,Full Moon,,,,,,,,,,,,,,,,,,,,,,
,2022,12,16,,,,,Third Quarter,,,,,,,,,,,,,,,,,,,,,,
,2022,12,17,,,,,Third Quarter,,,,,,,,,,,,,,,,,,,,,,
,2022,12,18,,,,,Third Quarter,,,,,,,,,,,,,,,,,,,,,,
,2022,12,19,,,,,Third Quarter,,,,,,,,,,,,,,,,,,,,,,
,2022,12,20,,,,,Third Quarter,,,,,,,,,,,,,,,,,,,,,,
,2022,12,21,,,,,Third Quarter,,,,,,,,,,,,,,,,,,,,,,
,2022,12,22,,,,,Third Quarter,,,,,,,,,,,,,,,,,,,,,,
,2022,12,23,,,,,New Moon,,,,,,,,,,,,,,,,,,,,,,
,2022,12,24,,,,,New Moon,,,,,,,,,,,,,,,,,,,,,,
,2022,12,25,,,,,New Moon,,,,,,,,,,,,,,,,,,,,,,
,2022,12,26,,,,,New Moon,,,,,,,,,,,,,,,,,,,,,,
,2022,12,27,,,,,New Moon,,,,,,,,,,,,,,,,,,,,,,
,2022,12,28,,,,,New Moon,,,,,,,,,,,,,,,,,,,,,,
,2022,12,29,,,,,New Moon,,,,,,,,,,,,,,,,,,,,,,
,2022,12,30,,,,,First Quarter,,,,,,,,,,,,,,,,,,,,,,
,2022,12,31,,,,,First Quarter,,,,,,,,,,,,,,,,,,,,,,
,2023,1,1,,,,,First Quarter,,,,,,,,,,,,,,,,,,,,,,
,2023,1,2,,,,,First Quarter,,,,,,,,,,,,,,,,,,,,,,
,2023,1,3,,,,,First Quarter,,,,,,,,,,,,,,,,,,,,,,
,2023,1,4,,,,,First Quarter,,,,,,,,,,,,,,,,,,,,,,
,2023,1,5,,,,,First Quarter,,,,,,,,,,,,,,,,,,,,,,
,2023,1,6,,,,,First Quarter,,,,,,,,,,,,,,,,,,,,,,
,2023,1,7,,,,,Full Moon,,,,,,,,,,,,,,,,,,,,,,
,2023,1,8,,,,,Full Moon,,,,,,,,,,,,,,,,,,,,,,
,2023,1,9,,,,,Full Moon,,,,,,,,,,,,,,,,,,,,,,
,2023,1,10,,,,,Full Moon,,,,,,,,,,,,,,,,,,,,,,
,2023,1,11,,,,,Full Moon,,,,,,,,,,,,,,,,,,,,,,
,2023,1,12,,,,,Full Moon,,,,,,,,,,,,,,,,,,,,,,
,2023,1,13,,,,,Full Moon,,,,,,,,,,,,,,,,,,,,,,
,2023,1,14,,,,,Full Moon,,,,,,,,,,,,,,,,,,,,,,
,2023,1,15,,,,,Third Quarter,,,,,,,,,,,,,,,,,,,,,,
,2023,1,16,,,,,Third Quarter,,,,,,,,,,,,,,,,,,,,,,
,2023,1,17,,,,,Third Quarter,,,,,,,,,,,,,,,,,,,,,,
,2023,1,18,,,,,Third Quarter,,,,,,,,,,,,,,,,,,,,,,
,2023,1,19,,,,,Third Quarter,,,,,,,,,,,,,,,,,,,,,,
,2023,1,20,,,,,Third Quarter,,,,,,,,,,,,,,,,,,,,,,
,2023,1,21,,,,,New Moon,,,,,,,,,,,,,,,,,,,,,,
,2023,1,22,,,,,New Moon,,,,,,,,,,,,,,,,,,,,,,
,2023,1,23,,,,,New Moon,,,,,,,,,,,,,,,,,,,,,,
,2023,1,24,,,,,New Moon,,,,,,,,,,,,,,,,,,,,,,
,2023,1,25,,,,,New Moon,,,,,,,,,,,,,,,,,,,,,,
,2023,1,26,,,,,New Moon,,,,,,,,,,,,,,,,,,,,,,
,2023,1,27,,,,,New Moon,,,,,,,,,,,,,,,,,,,,,,
,2023,1,28,,,,,First Quarter,,,,,,,,,,,,,,,,,,,,,,
,2023,1,29,,,,,First Quarter,,,,,,,,,,,,,,,,,,,,,,
,2023,1,30,,,,,First Quarter,,,,,,,,,,,,,,,,,,,,,,
,2023,1,31,,,,,First Quarter,,,,,,,,,,,,,,,,,,,,,,
,2023,2,1,,,,,First Quarter,,,,,,,,,,,,,,,,,,,,,,
,2023,2,2,,,,,First Quarter,,,,,,,,,,,,,,,,,,,,,,
,2023,2,3,,,,,First Quarter,,,,,,,,,,,,,,,,,,,,,,
,2023,2,4,,,,,First Quarter,,,,,,,,,,,,,,,,,,,,,,
,2023,2,5,,,,,Full Moon,,,,,,,,,,,,,,,,,,,,,,
,2023,2,6,,,,,Full Moon,,,,,,,,,,,,,,,,,,,,,,
,2023,2,7,,,,,Full Moon,,,,,,,,,,,,,,,,,,,,,,
,2023,2,8,,,,,Full Moon,,,,,,,,,,,,,,,,,,,,,,
,2023,2,9,,,,,Full Moon,,,,,,,,,,,,,,,,,,,,,,
,2023,2,10,,,,,Full Moon,,,,,,,,,,,,,,,,,,,,,,
,2023,2,11,,,,,Full Moon,,,,,,,,,,,,,,,,,,,,,,
,2023,2,12,,,,,Full Moon,,,,,,,,,,,,,,,,,,,,,,
,2023,2,13,,,,,Third Quarter,,,,,,,,,,,,,,,,,,,,,,
,2023,2,14,,,,,Third Quarter,,,,,,,,,,,,,,,,,,,,,,
,2023,2,15,,,,,Third Quarter,,,,,,,,,,,,,,,,,,,,,,
,2023,2,16,,,,,Third Quarter,,,,,,,,,,,,,,,,,,,,,,
,2023,2,17,,,,,Third Quarter,,,,,,,,,,,,,,,,,,,,,,
,2023,2,18,,,,,Third Quarter,,,,,,,,,,,,,,,,,,,,,,
,2023,2,19,,,,,Third Quarter,,,,,,,,,,,,,,,,,,,,,,
,2023,2,20,,,,,New Moon,,,,,,,,,,,,,,,,,,,,,,
,2023,2,21,,,,,New Moon,,,,,,,,,,,,,,,,,,,,,,
,2023,2,22,,,,,New Moon,,,,,,,,,,,,,,,,,,,,,,
,2023,2,23,,,,,New Moon,,,,,,,,,,,,,,,,,,,,,,
,2023,2,24,,,,,New Moon,,,,,,,,,,,,,,,,,,,,,,
,2023,2,25,,,,,New Moon,,,,,,,,,,,,,,,,,,,,,,
,2023,2,26,,,,,New Moon,,,,,,,,,,,,,,,,,,,,,,
,2023,2,27,,,,,First Quarter,,,,,,,,,,,,,,,,,,,,,,
,2023,2,28,,,,,First Quarter,,,,,,,,,,,,,,,,,,,,,,
,2023,3,1,,,,,First Quarter,,,,,,,,,,,,,,,,,,,,,,
,2023,3,2,,,,,First Quarter,,,,,,,,,,,,,,,,,,,,,,
,2023,3,3,,,,,First Quarter,,,,,,,,,,,,,,,,,,,,,,
,2023,3,4,,,,,First Quarter,,,,,,,,,,,,,,,,,,,,,,
,2023,3,5,,,,,First Quarter,,,,,,,,,,,,,,,,,,,,,,
,2023,3,6,,,,,First Quarter,,,,,,,,,,,,,,,,,,,,,,
,2023,3,7,,,,,Full Moon,,,,,,,,,,,,,,,,,,,,,,
,2023,3,8,,,,,Full Moon,,,,,,,,,,,,,,,,,,,,,,
,2023,3,9,,,,,Full Moon,,,,,,,,,,,,,,,,,,,,,,
,2023,3,10,,,,,Full Moon,,,,,,,,,,,,,,,,,,,,,,
,2023,3,11,,,,,Full Moon,,,,,,,,,,,,,,,,,,,,,,
,2023,3,12,,,,,Full Moon,,,,,,,,,,,,,,,,,,,,,,
,2023,3,13,,,,,Full Moon,,,,,,,,,,,,,,,,,,,,,,
,2023,3,14,,,,,Full Moon,,,,,,,,,,,,,,,,,,,,,,
,2023,3,15,,,,,Third Quarter,,,,,,,,,,,,,,,,,,,,,,
,2023,3,16,,,,,Third Quarter,,,,,,,,,,,,,,,,,,,,,,
,2023,3,17,,,,,Third Quarter,,,,,,,,,,,,,,,,,,,,,,
,2023,3,18,,,,,Third Quarter,,,,,,,,,,,,,,,,,,,,,,
,2023,3,19,,,,,Third Quarter,,,,,,,,,,,,,,,,,,,,,,
,2023,3,20,,,,,Third Quarter,,,,,,,,,,,,,,,,,,,,,,
,2023,3,21,,,,,New Moon,,,,,,,,,,,,,,,,,,,,,,
,2023,3,22,,,,,New Moon,,,,,,,,,,,,,,,,,,,,,,
,2023,3,23,,,,,New Moon,,,,,,,,,,,,,,,,,,,,,,
,2023,3,24,,,,,New Moon,,,,,,,,,,,,,,,,,,,,,,
,2023,3,25,,,,,New Moon,,,,,,,,,,,,,,,,,,,,,,
,2023,3,26,,,,,New Moon,,,,,,,,,,,,,,,,,,,,,,
,2023,3,27,,,,,New Moon,,,,,,,,,,,,,,,,,,,,,,
,2023,3,28,,,,,New Moon,,,,,,,,,,,,,,,,,,,,,,
,2023,3,29,,,,,First Quarter,,,,,,,,,,,,,,,,,,,,,,
,2023,3,30,,,,,First Quarter,,,,,,,,,,,,,,,,,,,,,,
,2023,3,31,,,,,First Quarter,,,,,,,,,,,,,,,,,,,,,,
,2023,4,1,,,,,First Quarter,,,,,,,,,,,,,,,,,,,,,,
,2023,4,2,,,,,First Quarter,,,,,,,,,,,,,,,,,,,,,,
,2023,4,3,,,,,First Quarter,,,,,,,,,,,,,,,,,,,,,,
,2023,4,4,,,,,First Quarter,,,,,,,,,,,,,,,,,,,,,,
,2023,4,5,,,,,First Quarter,,,,,,,,,,,,,,,,,,,,,,
,2023,4,6,,,,,Full Moon,,,,,,,,,,,,,,,,,,,,,,
,2023,4,7,,,,,Full Moon,,,,,,,,,,,,,,,,,,,,,,
,2023,4,8,,,,,Full Moon,,,,,,,,,,,,,,,,,,,,,,
,2023,4,9,,,,,Full Moon,,,,,,,,,,,,,,,,,,,,,,
,2023,4,10,,,,,Full Moon,,,,,,,,,,,,,,,,,,,,,,
,2023,4,11,,,,,Full Moon,,,,,,,,,,,,,,,,,,,,,,
,2023,4,12,,,,,Full Moon,,,,,,,,,,,,,,,,,,,,,,
,2023,4,13,,,,,Third Quarter,,,,,,,,,,,,,,,,,,,,,,
,2023,4,14,,,,,Third Quarter,,,,,,,,,,,,,,,,,,,,,,
,2023,4,15,,,,,Third Quarter,,,,,,,,,,,,,,,,,,,,,,
,2023,4,16,,,,,Third Quarter,,,,,,,,,,,,,,,,,,,,,,
,2023,4,17,,,,,Third Quarter,,,,,,,,,,,,,,,,,,,,,,
,2023,4,18,,,,,Third Quarter,,,,,,,,,,,,,,,,,,,,,,
,2023,4,19,,,,,Third Quarter,,,,,,,,,,,,,,,,,,,,,,
,2023,4,20,,,,,New Moon,,,,,,,,,,,,,,,,,,,,,,
,2023,4,21,,,,,New Moon,,,,,,,,,,,,,,,,,,,,,,
,2023,4,22,,,,,New Moon,,,,,,,,,,,,,,,,,,,,,,
,2023,4,23,,,,,New Moon,,,,,,,,,,,,,,,,,,,,,,
,2023,4,24,,,,,New Moon,,,,,,,,,,,,,,,,,,,,,,
,2023,4,25,,,,,New Moon,,,,,,,,,,,,,,,,,,,,,,
,2023,4,26,,,,,New Moon,,,,,,,,,,,,,,,,,,,,,,
,2023,4,27,,,,,First Quarter,,,,,,,,,,,,,,,,,,,,,,
,2023,4,28,,,,,First Quarter,,,,,,,,,,,,,,,,,,,,,,
,2023,4,29,,,,,First Quarter,,,,,,,,,,,,,,,,,,,,,,
,2023,4,30,,,,,First Quarter,,,,,,,,,,,,,,,,,,,,,,
,2023,5,1,,,,,First Quarter,,,,,,,,,,,,,,,,,,,,,,
,2023,5,2,,,,,First Quarter,,,,,,,,,,,,,,,,,,,,,,
,2023,5,3,,,,,First Quarter,,,,,,,,,,,,,,,,,,,,,,
,2023,5,4,,,,,First Quarter,,,,,,,,,,,,,,,,,,,,,,
,2023,5,5,,,,,Full Moon,,,,,,,,,,,,,,,,,,,,,,
,2023,5,6,,,,,Full Moon,,,,,,,,,,,,,,,,,,,,,,
,2023,5,7,,,,,Full Moon,,,,,,,,,,,,,,,,,,,,,,
,2023,5,8,,,,,Full Moon,,,,,,,,,,,,,,,,,,,,,,
,2023,5,9,,,,,Full Moon,,,,,,,,,,,,,,,,,,,,,,
,2023,5,10,,,,,Full Moon,,,,,,,,,,,,,,,,,,,,,,
,2023,5,11,,,,,Full Moon,,,,,,,,,,,,,,,,,,,,,,
,2023,5,12,,,,,Third Quarter,,,,,,,,,,,,,,,,,,,,,,
,2023,5,13,,,,,Third Quarter,,,,,,,,,,,,,,,,,,,,,,
,2023,5,14,,,,,Third Quarter,,,,,,,,,,,,,,,,,,,,,,
,2023,5,15,,,,,Third Quarter,,,,,,,,,,,,,,,,,,,,,,
,2023,5,16,,,,,Third Quarter,,,,,,,,,,,,,,,,,,,,,,
,2023,5,17,,,,,Third Quarter,,,,,,,,,,,,,,,,,,,,,,
,2023,5,18,,,,,Third Quarter,,,,,,,,,,,,,,,,,,,,,,
,2023,5,19,,,,,New Moon,,,,,,,,,,,,,,,,,,,,,,
,2023,5,20,,,,,New Moon,,,,,,,,,,,,,,,,,,,,,,
,2023,5,21,,,,,New Moon,,,,,,,,,,,,,,,,,,,,,,
,2023,5,22,,,,,New Moon,,,,,,,,,,,,,,,,,,,,,,
,2023,5,23,,,,,New Moon,,,,,,,,,,,,,,,,,,,,,,
,2023,5,24,,,,,New Moon,,,,,,,,,,,,,,,,,,,,,,
,2023,5,25,,,,,New Moon,,,,,,,,,,,,,,,,,,,,,,
,2023,5,26,,,,,New Moon,,,,,,,,,,,,,,,,,,,,,,
,2023,5,27,,,,,First Quarter,,,,,,,,,,,,,,,,,,,,,,
,2023,5,28,,,,,First Quarter,,,,,,,,,,,,,,,,,,,,,,
,2023,5,29,,,,,First Quarter,,,,,,,,,,,,,,,,,,,,,,
,2023,5,30,,,,,First Quarter,,,,,,,,,,,,,,,,,,,,,,
,2023,5,31,,,,,First Quarter,,,,,,,,,,,,,,,,,,,,,,
,2023,6,1,,,,,First Quarter,,,,,,,,,,,,,,,,,,,,,,
,2023,6,2,,,,,First Quarter,,,,,,,,,,,,,,,,,,,,,,
,2023,6,3,,,,,First Quarter,,,,,,,,,,,,,,,,,,,,,,
,2023,6,4,,,,,Full Moon,,,,,,,,,,,,,,,,,,,,,,
,2023,6,5,,,,,Full Moon,,,,,,,,,,,,,,,,,,,,,,
,2023,6,6,,,,,Full Moon,,,,,,,,,,,,,,,,,,,,,,
,2023,6,7,,,,,Full Moon,,,,,,,,,,,,,,,,,,,,,,
,2023,6,8,,,,,Full Moon,,,,,,,,,,,,,,,,,,,,,,
,2023,6,9,,,,,Full Moon,,,,,,,,,,,,,,,,,,,,,,
,2023,6,10,,,,,Third Quarter,,,,,,,,,,,,,,,,,,,,,,
,2023,6,11,,,,,Third Quarter,,,,,,,,,,,,,,,,,,,,,,
,2023,6,12,,,,,Third Quarter,,,,,,,,,,,,,,,,,,,,,,
,2023,6,13,,,,,Third Quarter,,,,,,,,,,,,,,,,,,,,,,
,2023,6,14,,,,,Third Quarter,,,,,,,,,,,,,12:00 pm,Mostly Sunny,3.0,0.0,27.0,54.0,29.88,24.44,0.0,1011.85
,2023,6,14,,,,,Third Quarter,,,,,,,,,,,,,1:00 pm,Partly Cloudy,5.0,0.0,30.0,52.0,29.88,25.56,0.0,1011.85
,2023,6,14,,,,,Third Quarter,,,,,,,,,,,,,2:00 pm,Partly Cloudy,6.0,0.0,33.0,53.0,29.88,25.0,0.0,1011.85
,2023,6,14,,,,,Third Quarter,,,,,,,,,,,,,3:00 pm,Partly Cloudy,5.0,0.0,49.0,54.0,29.88,25.56,0.0,1011.85
,2023,6,14,,,,,Third Quarter,,,,,,,,,,,,,4:00 pm,Partly Cloudy,5.0,0.0,44.0,53.0,29.88,25.56,0.0,1011.85
,2023,6,14,,,,,Third Quarter,,,,,,,,,,,,,5:00 pm,Partly Cloudy,22.0,0.0,43.0,54.0,29.88,25.56,0.0,1011.85
,2023,6,14,,,,,Third Quarter,,,,,,,,,,,,,6:00 pm,Partly Cloudy,19.0,0.0,35.0,56.0,29.89,25.0,0.0,1012.19
,2023,6,14,,,,,Third Quarter,,,,,,,,,,,,,7:00 pm,Partly Cloudy,5.0,0.0,35.0,59.0,29.9,24.44,0.0,1012.53
,2023,6,14,,,,,Third Quarter,,,,,,,,,,,,,8:00 pm,Mostly Sunny,2.0,0.0,26.0,64.0,29.92,23.33,0.0,1013.21
,2023,6,14,,,,,Third Quarter,,,,,,,,,,,,,9:00 pm,Partly Cloudy,3.0,0.0,30.0,70.0,29.94,22.22,0.0,1013.88
,2023,6,14,,,,,Third Quarter,,,,,,,,,,,,,10:00 pm,Partly Cloudy,5.0,0.0,39.0,76.0,29.97,21.67,0.0,1014.9
,2023,6,14,,,,,Third Quarter,,,,,,,,,,,,,11:00 pm,Partly Cloudy,14.0,0.0,49.0,79.0,29.99,21.11,0.0,1015.58
,2023,6,15,,,,,Third Quarter,,,,,,,,,,,,,12:00 am,Partly Cloudy,6.0,0.0,49.0,81.0,30.0,20.56,0.0,1015.92
,2023,6,15,,,,,Third Quarter,,,,,,,,,,,,,1:00 am,Partly Cloudy,7.0,0.0,46.0,85.0,30.0,20.0,0.0,1015.92
,2023,6,15,,,,,Third Quarter,,,,,,,,,,,,,2:00 am,Partly Cloudy,7.0,0.0,41.0,87.0,30.0,19.44,0.0,1015.92
,2023,6,15,,,,,Third Quarter,,,,,,,,,,,,,3:00 am,Partly Cloudy,8.0,0.0,55.0,88.0,29.99,18.89,0.0,1015.58
,2023,6,15,,,,,Third Quarter,,,,,,,,,,,,,4:00 am,Partly Cloudy,8.0,0.0,37.0,90.0,29.99,18.33,0.0,1015.58
,2023,6,15,,,,,Third Quarter,,,,,,,,,,,,,5:00 am,Partly Cloudy,8.0,0.0,32.0,90.0,29.99,17.78,0.0,1015.58
,2023,6,15,,,,,Third Quarter,,,,,,,,,,,,,6:00 am,Partly Cloudy,7.0,0.0,39.0,86.0,30.0,17.78,0.0,1015.92
,2023,6,15,,,,,Third Quarter,,,,,,,,,,,,,7:00 am,Partly Cloudy,6.0,0.0,39.0,80.0,30.01,18.33,0.0,1016.26
,2023,6,15,,,,,Third Quarter,,,,,,,,,,,,,8:00 am,Partly Cloudy,4.0,0.0,30.0,73.0,30.02,19.44,0.0,1016.59
,2023,6,15,,,,,Third Quarter,,,,,,,,,,,,,9:00 am,Mostly Sunny,2.0,0.0,27.0,63.0,30.03,22.22,0.0,1016.93
,2023,6,15,,,,,Third Quarter,,,,,,,,,,,,,10:00 am,Mostly Sunny,0.0,0.0,21.0,54.0,30.03,24.44,0.0,1016.93
,2023,6,15,,,,,Third Quarter,,,,,,,,,,,,,11:00 am,Mostly Sunny,8.0,0.0,25.0,48.0,30.04,26.11,0.0,1017.27
,2023,6,15,,,,,Third Quarter,,,,,,,,,,,,,12:00 pm,Partly Cloudy,5.0,0.0,30.0,47.0,30.04,26.67,0.0,1017.27
,2023,6,15,,,,,Third Quarter,,,,,,,,,,,,,1:00 pm,Mostly Sunny,0.0,0.0,26.0,47.0,30.05,27.22,0.0,1017.61
,2023,6,15,,,,,Third Quarter,,,,,,,,,,,,,2:00 pm,Mostly Sunny,0.0,0.0,29.0,46.0,30.04,27.22,0.0,1017.27
,2023,6,15,,,,,Third Quarter,,,,,,,,,,,,,3:00 pm,Partly Cloudy,0.0,0.0,41.0,47.0,30.04,27.22,0.0,1017.27
,2023,6,15,,,,,Third Quarter,,,,,,,,,,,,,4:00 pm,Partly Cloudy,0.0,0.0,35.0,47.0,30.03,27.22,0.0,1016.93
,2023,6,15,,,,,Third Quarter,,,,,,,,,,,,,5:00 pm,Mostly Sunny,0.0,0.0,22.0,47.0,30.02,26.67,0.0,1016.59
,2023,6,15,,,,,Third Quarter,,,,,,,,,,,,,6:00 pm,Sunny,0.0,0.0,16.0,49.0,30.02,26.11,0.0,1016.59
,2023,6,15,,,,,Third Quarter,,,,,,,,,,,,,7:00 pm,Sunny,0.0,0.0,17.0,52.0,30.02,25.56,0.0,1016.59
,2023,6,15,,,,,Third Quarter,,,,,,,,,,,,,8:00 pm,Sunny,0.0,0.0,7.0,56.0,30.03,24.44,0.0,1016.93
,2023,6,15,,,,,Third Quarter,,,,,,,,,,,,,9:00 pm,Sunny,1.0,0.0,7.0,62.0,30.04,23.33,0.0,1017.27
,2023,6,15,,,,,Third Quarter,,,,,,,,,,,,,10:00 pm,Clear,3.0,0.0,6.0,69.0,30.06,22.22,0.0,1017.95
,2023,6,15,,,,,Third Quarter,,,,,,,,,,,,,11:00 pm,Clear,5.0,0.0,7.0,75.0,30.07,21.11,0.0,1018.29
,2023,6,16,,,,,Third Quarter,,,,,,,,,,,,,,,,,,,,,,
,2023,6,17,,,,,Third Quarter,,,,,,,,,,,,,,,,,,,,,,
,2023,6,18,,,,,New Moon,,,,,,,,,,,,,,,,,,,,,,
,2023,6,19,,,,,New Moon,,,,,,,,,,,,,,,,,,,,,,
,2023,6,20,,,,,New Moon,,,,,,,,,,,,,,,,,,,,,,
,2023,6,21,,,,,New Moon,,,,,,,,,,,,,,,,,,,,,,
,2023,6,22,,,,,New Moon,,,,,,,,,,,,,,,,,,,,,,
,2023,6,23,,,,,New Moon,,,,,,,,,,,,,,,,,,,,,,
,2023,6,24,,,,,New Moon,,,,,,,,,,,,,,,,,,,,,,
,2023,6,25,,,,,New Moon,,,,,,,,,,,,,,,,,,,,,,
,2023,6,26,,,,,First Quarter,,,,,,,,,,,,,,,,,,,,,,
,2023,6,27,,,,,First Quarter,,,,,,,,,,,,,,,,,,,,,,
,2023,6,28,,,,,First Quarter,,,,,,,,,,,,,,,,,,,,,,
,2023,6,29,,,,,First Quarter,,,,,,,,,,,,,,,,,,,,,,
,2023,6,30,,,,,First Quarter,,,,,,,,,,,,,,,,,,,,,,
,2023,7,1,,,,,First Quarter,,,,,,,,,,,,,,,,,,,,,,
,2023,7,2,,,,,First Quarter,,,,,,,,,,,,,,,,,,,,,,
,2023,7,3,,,,,Full Moon,,,,,,,,,,,,,,,,,,,,,,
,2023,7,4,,,,,Full Moon,,,,,,,,,,,,,,,,,,,,,,
,2023,7,5,,,,,Full Moon,,,,,,,,,,,,,,,,,,,,,,
,2023,7,6,,,,,Full Moon,,,,,,,,,,,,,,,,,,,,,,
,2023,7,7,,,,,Full Moon,,,,,,,,,,,,,,,,,,,,,,
,2023,7,8,,,,,Full Moon,,,,,,,,,,,,,,,,,,,,,,
,2023,7,9,,,,,Full Moon,,,,,,,,,,,,,,,,,,,,,,
,2023,7,10,,,,,Third Quarter,,,,,,,,,,,,,,,,,,,,,,
,2023,7,11,,,,,Third Quarter,,,,,,,,,,,,,,,,,,,,,,
,2023,7,12,,,,,Third Quarter,,,,,,,,,,,,,,,,,,,,,,
,2023,7,13,,,,,Third Quarter,,,,,,,,,,,,,,,,,,,,,,
,2023,7,14,,,,,Third Quarter,,,,,,,,,,,,,,,,,,,,,,
,2023,7,15,,,,,Third Quarter,,,,,,,,,,,,,,,,,,,,,,
,2023,7,16,,,,,Third Quarter,,,,,,,,,,,,,,,,,,,,,,
,2023,7,17,,,,,New Moon,,,,,,,,,,,,,,,,,,,,,,
,2023,7,18,,,,,New Moon,,,,,,,,,,,,,,,,,,,,,,
,2023,7,19,,,,,New Moon,,,,,,,,,,,,,,,,,,,,,,
,2023,7,20,,,,,New Moon,,,,,,,,,,,,,,,,,,,,,,
,2023,7,21,,,,,New Moon,,,,,,,,,,,,,,,,,,,,,,
,2023,7,22,,,,,New Moon,,,,,,,,,,,,,,,,,,,,,,
,2023,7,23,,,,,New Moon,,,,,,,,,,,,,,,,,,,,,,
,2023,7,24,,,,,New Moon,,,,,,,,,,,,,,,,,,,,,,
,2023,7,25,,,,,New Moon,,,,,,,,,,,,,,,,,,,,,,
,2023,7,26,,,,,First Quarter,,,,,,,,,,,,,,,,,,,,,,
,2023,7,27,,,,,First Quarter,,,,,,,,,,,,,,,,,,,,,,
,2023,7,28,,,,,First Quarter,,,,,,,,,,,,,,,,,,,,,,
,2023,7,29,,,,,First Quarter,,,,,,,,,,,,,,,,,,,,,,
,2023,7,30,,,,,First Quarter,,,,,,,,,,,,,,,,,,,,,,
,2023,7,31,,,,,First Quarter,,,,,,,,,,,,,,,,,,,,,,
,2023,8,1,,,,,Full Moon,,,,,,,,,,,,,,,,,,,,,,
,2023,8,2,,,,,Full Moon,,,,,,,,,,,,,,,,,,,,,,
,2023,8,3,,,,,Full Moon,,,,,,,,,,,,,,,,,,,,,,
,2023,8,4,,,,,Full Moon,,,,,,,,,,,,,,,,,,,,,,
,2023,8,5,,,,,Full Moon,,,,,,,,,,,,,,,,,,,,,,
,2023,8,6,,,,,Full Moon,,,,,,,,,,,,,,,,,,,,,,
,2023,8,7,,,,,Full Moon,,,,,,,,,,,,,,,,,,,,,,
,2023,8,8,,,,,Third Quarter,,,,,,,,,,,,,,,,,,,,,,
,2023,8,9,,,,,Third Quarter,,,,,,,,,,,,,,,,,,,,,,
,2023,8,10,,,,,Third Quarter,,,,,,,,,,,,,,,,,,,,,,
,2023,8,11,,,,,Third Quarter,,,,,,,,,,,,,,,,,,,,,,
,2023,8,12,,,,,Third Quarter,,,,,,,,,,,,,,,,,,,,,,
,2023,8,13,,,,,Third Quarter,,,,,,,,,,,,,,,,,,,,,,
,2023,8,14,,,,,Third Quarter,,,,,,,,,,,,,,,,,,,,,,
,2023,8,15,,,,,Third Quarter,,,,,,,,,,,,,,,,,,,,,,
,2023,8,16,,,,,New Moon,,,,,,,,,,,,,,,,,,,,,,
,2023,8,17,,,,,New Moon,,,,,,,,,,,,,,,,,,,,,,
,2023,8,18,,,,,New Moon,,,,,,,,,,,,,,,,,,,,,,
,2023,8,19,,,,,New Moon,,,,,,,,,,,,,,,,,,,,,,
,2023,8,20,,,,,New Moon,,,,,,,,,,,,,,,,,,,,,,
,2023,8,21,,,,,New Moon,,,,,,,,,,,,,,,,,,,,,,
,2023,8,22,,,,,New Moon,,,,,,,,,,,,,,,,,,,,,,
,2023,8,23,,,,,New Moon,,,,,,,,,,,,,,,,,,,,,,
,2023,8,24,,,,,First Quarter,,,,,,,,,,,,,,,,,,,,,,
,2023,8,25,,,,,First Quarter,,,,,,,,,,,,,,,,,,,,,,
,2023,8,26,,,,,First Quarter,,,,,,,,,,,,,,,,,,,,,,
,2023,8,27,,,,,First Quarter,,,,,,,,,,,,,,,,,,,,,,
,2023,8,28,,,,,First Quarter,,,,,,,,,,,,,,,,,,,,,,
,2023,8,29,,,,,First Quarter,,,,,,,,,,,,,,,,,,,,,,
,2023,8,30,,,,,First Quarter,,,,,,,,,,,,,,,,,,,,,,
,2023,8,31,,,,,Full Moon,,,,,,,,,,,,,,,,,,,,,,
,2023,9,1,,,,,Full Moon,,,,,,,,,,,,,,,,,,,,,,
,2023,9,2,,,,,Full Moon,,,,,,,,,,,,,,,,,,,,,,
,2023,9,3,,,,,Full Moon,,,,,,,,,,,,,,,,,,,,,,
,2023,9,4,,,,,Full Moon,,,,,,,,,,,,,,,,,,,,,,
,2023,9,5,,,,,Full Moon,,,,,,,,,,,,,,,,,,,,,,
,2023,9,6,,,,,Full Moon,,,,,,,,,,,,,,,,,,,,,,
,2023,9,7,,,,,Third Quarter,,,,,,,,,,,,,,,,,,,,,,
,2023,9,8,,,,,Third Quarter,,,,,,,,,,,,,,,,,,,,,,
,2023,9,9,,,,,Third Quarter,,,,,,,,,,,,,,,,,,,,,,
,2023,9,10,,,,,Third Quarter,,,,,,,,,,,,,,,,,,,,,,
,2023,9,11,,,,,Third Quarter,,,,,,,,,,,,,,,,,,,,,,
,2023,9,12,,,,,Third Quarter,,,,,,,,,,,,,,,,,,,,,,
,2023,9,13,,,,,Third Quarter,,,,,,,,,,,,,,,,,,,,,,
,2023,9,14,,,,,Third Quarter,,,,,,,,,,,,,,,,,,,,,,
,2023,9,15,,,,,New Moon,,,,,,,,,,,,,,,,,,,,,,
,2023,9,16,,,,,New Moon,,,,,,,,,,,,,,,,,,,,,,
,2023,9,17,,,,,New Moon,,,,,,,,,,,,,,,,,,,,,,
,2023,9,18,,,,,New Moon,,,,,,,,,,,,,,,,,,,,,,
,2023,9,19,,,,,New Moon,,,,,,,,,,,,,,,,,,,,,,
,2023,9,20,,,,,New Moon,,,,,,,,,,,,,,,,,,,,,,
,2023,9,21,,,,,New Moon,,,,,,,,,,,,,,,,,,,,,,
,2023,9,22,,,,,First Quarter,,,,,,,,,,,,,,,,,,,,,,
,2023,9,23,,,,,First Quarter,,,,,,,,,,,,,,,,,,,,,,
,2023,9,24,,,,,First Quarter,,,,,,,,,,,,,,,,,,,,,,
,2023,9,25,,,,,First Quarter,,,,,,,,,,,,,,,,,,,,,,
,2023,9,26,,,,,First Quarter,,,,,,,,,,,,,,,,,,,,,,
,2023,9,27,,,,,First Quarter,,,,,,,,,,,,,,,,,,,,,,
,2023,9,28,,,,,First Quarter,,,,,,,,,,,,,,,,,,,,,,
,2023,9,29,,,,,Full Moon,,,,,,,,,,,,,,,,,,,,,,
,2023,9,30,,,,,Full Moon,,,,,,,,,,,,,,,,,,,,,,
,2023,10,1,,,,,Full Moon,,,,,,,,,,,,,,,,,,,,,,
,2023,10,2,,,,,Full Moon,,,,,,,,,,,,,,,,,,,,,,
,2023,10,3,,,,,Full Moon,,,,,,,,,,,,,,,,,,,,,,
,2023,10,4,,,,,Full Moon,,,,,,,,,,,,,,,,,,,,,,
,2023,10,5,,,,,Full Moon,,,,,,,,,,,,,,,,,,,,,,
,2023,10,6,,,,,Third Quarter,,,,,,,,,,,,,,,,,,,,,,
,2023,10,7,,,,,Third Quarter,,,,,,,,,,,,,,,,,,,,,,
,2023,10,8,,,,,Third Quarter,,,,,,,,,,,,,,,,,,,,,,
,2023,10,9,,,,,Third Quarter,,,,,,,,,,,,,,,,,,,,,,
,2023,10,10,,,,,Third Quarter,,,,,,,,,,,,,,,,,,,,,,
,2023,10,11,,,,,Third Quarter,,,,,,,,,,,,,,,,,,,,,,
,2023,10,12,,,,,Third Quarter,,,,,,,,,,,,,,,,,,,,,,
,2023,10,13,,,,,Third Quarter,,,,,,,,,,,,,,,,,,,,,,
,2023,10,14,,,,,New Moon,,,,,,,,,,,,,,,,,,,,,,
,2023,10,15,,,,,New Moon,,,,,,,,,,,,,,,,,,,,,,
,2023,10,16,,,,,New Moon,,,,,,,,,,,,,,,,,,,,,,
,2023,10,17,,,,,New Moon,,,,,,,,,,,,,,,,,,,,,,
,2023,10,18,,,,,New Moon,,,,,,,,,,,,,,,,,,,,,,
,2023,10,19,,,,,New Moon,,,,,,,,,,,,,,,,,,,,,,
,2023,10,20,,,,,New Moon,,,,,,,,,,,,,,,,,,,,,,
,2023,10,21,,,,,New Moon,,,,,,,,,,,,,,,,,,,,,,
,2023,10,22,,,,,First Quarter,,,,,,,,,,,,,,,,,,,,,,
,2023,10,23,,,,,First Quarter,,,,,,,,,,,,,,,,,,,,,,
,2023,10,24,,,,,First Quarter,,,,,,,,,,,,,,,,,,,,,,
,2023,10,25,,,,,First Quarter,,,,,,,,,,,,,,,,,,,,,,
,2023,10,26,,,,,First Quarter,,,,,,,,,,,,,,,,,,,,,,
,2023,10,27,,,,,First Quarter,,,,,,,,,,,,,,,,,,,,,,
,2023,10,28,,,,,Full Moon,,,,,,,,,,,,,,,,,,,,,,
,2023,10,29,,,,,Full Moon,,,,,,,,,,,,,,,,,,,,,,
,2023,10,30,,,,,Full Moon,,,,,,,,,,,,,,,,,,,,,,
,2023,10,31,,,,,Full Moon,,,,,,,,,,,,,,,,,,,,,,
,2023,11,1,,,,,Full Moon,,,,,,,,,,,,,,,,,,,,,,
,2023,11,2,,,,,Full Moon,,,,,,,,,,,,,,,,,,,,,,
,2023,11,3,,,,,Full Moon,,,,,,,,,,,,,,,,,,,,,,
,2023,11,4,,,,,Full Moon,,,,,,,,,,,,,,,,,,,,,,
,2023,11,5,,,,,Third Quarter,,,,,,,,,,,,,,,,,,,,,,
,2023,11,6,,,,,Third Quarter,,,,,,,,,,,,,,,,,,,,,,
,2023,11,7,,,,,Third Quarter,,,,,,,,,,,,,,,,,,,,,,
,2023,11,8,,,,,Third Quarter,,,,,,,,,,,,,,,,,,,,,,
,2023,11,9,,,,,Third Quarter,,,,,,,,,,,,,,,,,,,,,,
,2023,11,10,,,,,Third Quarter,,,,,,,,,,,,,,,,,,,,,,
,2023,11,11,,,,,Third Quarter,,,,,,,,,,,,,,,,,,,,,,
,2023,11,12,,,,,Third Quarter,,,,,,,,,,,,,,,,,,,,,,
,2023,11,13,,,,,New Moon,,,,,,,,,,,,,,,,,,,,,,
,2023,11,14,,,,,New Moon,,,,,,,,,,,,,,,,,,,,,,
,2023,11,15,,,,,New Moon,,,,,,,,,,,,,,,,,,,,,,
,2023,11,16,,,,,New Moon,,,,,,,,,,,,,,,,,,,,,,
,2023,11,17,,,,,New Moon,,,,,,,,,,,,,,,,,,,,,,
,2023,11,18,,,,,New Moon,,,,,,,,,,,,,,,,,,,,,,
,2023,11,19,,,,,New Moon,,,,,,,,,,,,,,,,,,,,,,
,2023,11,20,,,,,First Quarter,,,,,,,,,,,,,,,,,,,,,,
,2023,11,21,,,,,First Quarter,,,,,,,,,,,,,,,,,,,,,,
,2023,11,22,,,,,First Quarter,,,,,,,,,,,,,,,,,,,,,,
,2023,11,23,,,,,First Quarter,,,,,,,,,,,,,,,,,,,,,,
,2023,11,24,,,,,First Quarter,,,,,,,,,,,,,,,,,,,,,,
,2023,11,25,,,,,First Quarter,,,,,,,,,,,,,,,,,,,,,,
,2023,11,26,,,,,First Quarter,,,,,,,,,,,,,,,,,,,,,,
,2023,11,27,,,,,Full Moon,,,,,,,,,,,,,,,,,,,,,,
,2023,11,28,,,,,Full Moon,,,,,,,,,,,,,,,,,,,,,,
,2023,11,29,,,,,Full Moon,,,,,,,,,,,,,,,,,,,,,,
,2023,11,30,,,,,Full Moon,,,,,,,,,,,,,,,,,,,,,,
,2023,12,1,,,,,Full Moon,,,,,,,,,,,,,,,,,,,,,,
,2023,12,2,,,,,Full Moon,,,,,,,,,,,,,,,,,,,,,,
,2023,12,3,,,,,Full Moon,,,,,,,,,,,,,,,,,,,,,,
,2023,12,4,,,,,Full Moon,,,,,,,,,,,,,,,,,,,,,,
,2023,12,5,,,,,Third Quarter,,,,,,,,,,,,,,,,,,,,,,
,2023,12,6,,,,,Third Quarter,,,,,,,,,,,,,,,,,,,,,,
,2023,12,7,,,,,Third Quarter,,,,,,,,,,,,,,,,,,,,,,
,2023,12,8,,,,,Third Quarter,,,,,,,,,,,,,,,,,,,,,,
,2023,12,9,,,,,Third Quarter,,,,,,,,,,,,,,,,,,,,,,
,2023,12,10,,,,,Third Quarter,,,,,,,,,,,,,,,,,,,,,,
,2023,12,11,,,,,Third Quarter,,,,,,,,,,,,,,,,,,,,,,
,2023,12,12,,,,,Third Quarter,,,,,,,,,,,,,,,,,,,,,,
,2023,12,13,,,,,New Moon,,,,,,,,,,,,,,,,,,,,,,
,2023,12,14,,,,,New Moon,,,,,,,,,,,,,,,,,,,,,,
,2023,12,15,,,,,New Moon,,,,,,,,,,,,,,,,,,,,,,
,2023,12,16,,,,,New Moon,,,,,,,,,,,,,,,,,,,,,,
,2023,12,17,,,,,New Moon,,,,,,,,,,,,,,,,,,,,,,
,2023,12,18,,,,,New Moon,,,,,,,,,,,,,,,,,,,,,,
,2023,12,19,,,,,First Quarter,,,,,,,,,,,,,,,,,,,,,,
,2023,12,20,,,,,First Quarter,,,,,,,,,,,,,,,,,,,,,,
,2023,12,21,,,,,First Quarter,,,,,,,,,,,,,,,,,,,,,,
,2023,12,22,,,,,First Quarter,,,,,,,,,,,,,,,,,,,,,,
,2023,12,23,,,,,First Quarter,,,,,,,,,,,,,,,,,,,,,,
,2023,12,24,,,,,First Quarter,,,,,,,,,,,,,,,,,,,,,,
,2023,12,25,,,,,First Quarter,,,,,,,,,,,,,,,,,,,,,,
,2023,12,26,,,,,First Quarter,,,,,,,,,,,,,,,,,,,,,,
,2023,12,27,,,,,Full Moon,,,,,,,,,,,,,,,,,,,,,,
