Year,Month,Day,moon_phase
2022,1,2,New Moon
2022,1,3,New Moon
2022,1,4,New Moon
2022,1,5,New Moon
2022,1,6,New Moon
2022,1,7,New Moon
2022,1,8,New Moon
2022,1,9,First Quarter
2022,1,10,First Quarter
2022,1,11,First Quarter
2022,1,12,First Quarter
2022,1,13,First Quarter
2022,1,14,First Quarter
2022,1,15,First Quarter
2022,1,16,First Quarter
2022,1,17,First Quarter
2022,1,18,Full Moon
2022,1,19,Full Moon
2022,1,20,Full Moon
2022,1,21,Full Moon
2022,1,22,Full Moon
2022,1,23,Full Moon
2022,1,24,Full Moon
2022,1,25,Third Quarter
2022,1,26,Third Quarter
2022,1,27,Third Quarter
2022,1,28,Third Quarter
2022,1,29,Third Quarter
2022,1,30,Third Quarter
2022,1,31,Third Quarter
2022,2,1,New Moon
2022,2,2,New Moon
2022,2,3,New Moon
2022,2,4,New Moon
2022,2,5,New Moon
2022,2,6,New Moon
2022,2,7,New Moon
2022,2,8,First Quarter
2022,2,9,First Quarter
2022,2,10,First Quarter
2022,2,11,First Quarter
2022,2,12,First Quarter
2022,2,13,First Quarter
2022,2,14,First Quarter
2022,2,15,First Quarter
2022,2,16,Full Moon
2022,2,17,Full Moon
2022,2,18,Full Moon
2022,2,19,Full Moon
2022,2,20,Full Moon
2022,2,21,Full Moon
2022,2,22,Full Moon
2022,2,23,Third Quarter
2022,2,24,Third Quarter
2022,2,25,Third Quarter
2022,2,26,Third Quarter
2022,2,27,Third Quarter
2022,2,28,Third Quarter
2022,3,1,Third Quarter
2022,3,2,New Moon
2022,3,3,New Moon
2022,3,4,New Moon
2022,3,5,New Moon
2022,3,6,New Moon
2022,3,7,New Moon
2022,3,8,New Moon
2022,3,9,New Moon
2022,3,10,First Quarter
2022,3,11,First Quarter
2022,3,12,First Quarter
2022,3,13,First Quarter
2022,3,14,First Quarter
2022,3,15,First Quarter
2022,3,16,First Quarter
2022,3,17,First Quarter
2022,3,18,Full Moon
2022,3,19,Full Moon
2022,3,20,Full Moon
2022,3,21,Full Moon
2022,3,22,Full Moon
2022,3,23,Full Moon
2022,3,24,Full Moon
2022,3,25,Third Quarter
2022,3,26,Third Quarter
2022,3,27,Third Quarter
2022,3,28,Third Quarter
2022,3,29,Third Quarter
2022,3,30,Third Quarter
2022,3,31,Third Quarter
2022,4,1,New Moon
2022,4,2,New Moon
2022,4,3,New Moon
2022,4,4,New Moon
2022,4,5,New Moon
2022,4,6,New Moon
2022,4,7,New Moon
2022,4,8,New Moon
2022,4,9,First Quarter
2022,4,10,First Quarter
2022,4,11,First Quarter
2022,4,12,First Quarter
2022,4,13,First Quarter
2022,4,14,First Quarter
2022,4,15,First Quarter
2022,4,16,Full Moon
2022,4,17,Full Moon
2022,4,18,Full Moon
2022,4,19,Full Moon
2022,4,20,Full Moon
2022,4,21,Full Moon
2022,4,22,Full Moon
2022,4,23,Third Quarter
2022,4,24,Third Quarter
2022,4,25,Third Quarter
2022,4,26,Third Quarter
2022,4,27,Third Quarter
2022,4,28,Third Quarter
2022,4,29,Third Quarter
2022,4,30,New Moon
2022,5,1,New Moon
2022,5,2,New Moon
2022,5,3,New Moon
2022,5,4,New Moon
2022,5,5,New Moon
2022,5,6,New Moon
2022,5,7,New Moon
2022,5,8,New Moon
2022,5,9,First Quarter
2022,5,10,First Quarter
2022,5,11,First Quarter
2022,5,12,First Quarter
2022,5,13,First Quarter
2022,5,14,First Quarter
2022,5,15,First Quarter
2022,5,16,Full Moon
2022,5,17,Full Moon
2022,5,18,Full Moon
2022,5,19,Full Moon
2022,5,20,Full Moon
2022,5,21,Full Moon
2022,5,22,Third Quarter
2022,5,23,Third Quarter
2022,5,24,Third Quarter
2022,5,25,Third Quarter
2022,5,26,Third Quarter
2022,5,27,Third Quarter
2022,5,28,Third Quarter
2022,5,29,Third Quarter
2022,5,30,New Moon
2022,5,31,New Moon
2022,6,1,New Moon
2022,6,2,New Moon
2022,6,3,New Moon
2022,6,4,New Moon
2022,6,5,New Moon
2022,6,6,New Moon
2022,6,7,First Quarter
2022,6,8,First Quarter
2022,6,9,First Quarter
2022,6,10,First Quarter
2022,6,11,First Quarter
2022,6,12,First Quarter
2022,6,13,First Quarter
2022,6,14,Full Moon
2022,6,15,Full Moon
2022,6,16,Full Moon
2022,6,17,Full Moon
2022,6,18,Full Moon
2022,6,19,Full Moon
2022,6,20,Full Moon
2022,6,21,Third Quarter
2022,6,22,Third Quarter
2022,6,23,Third Quarter
2022,6,24,Third Quarter
2022,6,25,Third Quarter
2022,6,26,Third Quarter
2022,6,27,Third Quarter
2022,6,28,Third Quarter
2022,6,29,New Moon
2022,6,30,New Moon
2022,7,1,New Moon
2022,7,2,New Moon
2022,7,3,New Moon
2022,7,4,New Moon
2022,7,5,New Moon
2022,7,6,New Moon
2022,7,7,First Quarter
2022,7,8,First Quarter
2022,7,9,First Quarter
2022,7,10,First Quarter
2022,7,11,First Quarter
2022,7,12,First Quarter
2022,7,13,Full Moon
2022,7,14,Full Moon
2022,7,15,Full Moon
2022,7,16,Full Moon
2022,7,17,Full Moon
2022,7,18,Full Moon
2022,7,19,Full Moon
2022,7,20,Third Quarter
2022,7,21,Third Quarter
2022,7,22,Third Quarter
2022,7,23,Third Quarter
2022,7,24,Third Quarter
2022,7,25,Third Quarter
2022,7,26,Third Quarter
2022,7,27,Third Quarter
2022,7,28,New Moon
2022,7,29,New Moon
2022,7,30,New Moon
2022,7,31,New Moon
2022,8,1,New Moon
2022,8,2,New Moon
2022,8,3,New Moon
2022,8,4,New Moon
2022,8,5,First Quarter
2022,8,6,First Quarter
2022,8,7,First Quarter
2022,8,8,First Quarter
2022,8,9,First Quarter
2022,8,10,First Quarter
2022,8,11,First Quarter
2022,8,12,Full Moon
2022,8,13,Full Moon
2022,8,14,Full Moon
2022,8,15,Full Moon
2022,8,16,Full Moon
2022,8,17,Full Moon
2022,8,18,Full Moon
2022,8,19,Third Quarter
2022,8,20,Third Quarter
2022,8,21,Third Quarter
2022,8,22,Third Quarter
2022,8,23,Third Quarter
2022,8,24,Third Quarter
2022,8,25,Third Quarter
2022,8,26,Third Quarter
2022,8,27,New Moon
2022,8,28,New Moon
2022,8,29,New Moon
2022,8,30,New Moon
2022,8,31,New Moon
2022,9,1,New Moon
2022,9,2,New Moon
2022,9,3,First Quarter
2022,9,4,First Quarter
2022,9,5,First Quarter
2022,9,6,First Quarter
2022,9,7,First Quarter
2022,9,8,First Quarter
2022,9,9,First Quarter
2022,9,10,Full Moon
2022,9,11,Full Moon
2022,9,12,Full Moon
2022,9,13,Full Moon
2022,9,14,Full Moon
2022,9,15,Full Moon
2022,9,16,Full Moon
2022,9,17,Third Quarter
2022,9,18,Third Quarter
2022,9,19,Third Quarter
2022,9,20,Third Quarter
2022,9,21,Third Quarter
2022,9,22,Third Quarter
2022,9,23,Third Quarter
2022,9,24,Third Quarter
2022,9,25,New Moon
2022,9,26,New Moon
2022,9,27,New Moon
2022,9,28,New Moon
2022,9,29,New Moon
2022,9,30,New Moon
2022,10,1,New Moon
2022,10,2,New Moon
2022,10,3,First Quarter
2022,10,4,First Quarter
2022,10,5,First Quarter
2022,10,6,First Quarter
2022,10,7,First Quarter
2022,10,8,First Quarter
2022,10,9,Full Moon
2022,10,10,Full Moon
2022,10,11,Full Moon
2022,10,12,Full Moon
2022,10,13,Full Moon
2022,10,14,Full Moon
2022,10,15,Full Moon
2022,10,16,Full Moon
2022,10,17,Third Quarter
2022,10,18,Third Quarter
2022,10,19,Third Quarter
2022,10,20,Third Quarter
2022,10,21,Third Quarter
2022,10,22,Third Quarter
2022,10,23,Third Quarter
2022,10,24,Third Quarter
2022,10,25,New Moon
2022,10,26,New Moon
2022,10,27,New Moon
2022,10,28,New Moon
2022,10,29,New Moon
2022,10,30,New Moon
2022,10,31,New Moon
2022,11,1,First Quarter
2022,11,2,First Quarter
2022,11,3,First Quarter
2022,11,4,First Quarter
2022,11,5,First Quarter
2022,11,6,First Quarter
2022,11,7,First Quarter
2022,11,8,Full Moon
2022,11,9,Full Moon
2022,11,10,Full Moon
2022,11,11,Full Moon
2022,11,12,Full Moon
2022,11,13,Full Moon
2022,11,14,Full Moon
2022,11,15,Full Moon
2022,11,16,Third Quarter
2022,11,17,Third Quarter
2022,11,18,Third Quarter
2022,11,19,Third Quarter
2022,11,20,Third Quarter
2022,11,21,Third Quarter
2022,11,22,Third Quarter
2022,11,23,New Moon
2022,11,24,New Moon
2022,11,25,New Moon
2022,11,26,New Moon
2022,11,27,New Moon
2022,11,28,New Moon
2022,11,29,New Moon
2022,11,30,First Quarter
2022,12,1,First Quarter
2022,12,2,First Quarter
2022,12,3,First Quarter
2022,12,4,First Quarter
2022,12,5,First Quarter
2022,12,6,First Quarter
2022,12,7,First Quarter
2022,12,8,Full Moon
2022,12,9,Full Moon
2022,12,10,Full Moon
2022,12,11,Full Moon
2022,12,12,Full Moon
2022,12,13,Full Moon
2022,12,14,Full Moon
2022,12,15,Full Moon
2022,12,16,Third Quarter
2022,12,17,Third Quarter
2022,12,18,Third Quarter
2022,12,19,Third Quarter
2022,12,20,Third Quarter
2022,12,21,Third Quarter
2022,12,22,Third Quarter
2022,12,23,New Moon
2022,12,24,New Moon
2022,12,25,New Moon
2022,12,26,New Moon
2022,12,27,New Moon
2022,12,28,New Moon
2022,12,29,New Moon
2022,12,30,First Quarter
2022,12,31,First Quarter
2023,1,1,First Quarter
2023,1,2,First Quarter
2023,1,3,First Quarter
2023,1,4,First Quarter
2023,1,5,First Quarter
2023,1,6,First Quarter
2023,1,7,Full Moon
2023,1,8,Full Moon
2023,1,9,Full Moon
2023,1,10,Full Moon
2023,1,11,Full Moon
2023,1,12,Full Moon
2023,1,13,Full Moon
2023,1,14,Full Moon
2023,1,15,Third Quarter
2023,1,16,Third Quarter
2023,1,17,Third Quarter
2023,1,18,Third Quarter
2023,1,19,Third Quarter
2023,1,20,Third Quarter
2023,1,21,New Moon
2023,1,22,New Moon
2023,1,23,New Moon
2023,1,24,New Moon
2023,1,25,New Moon
2023,1,26,New Moon
2023,1,27,New Moon
2023,1,28,First Quarter
2023,1,29,First Quarter
2023,1,30,First Quarter
2023,1,31,First Quarter
2023,2,1,First Quarter
2023,2,2,First Quarter
2023,2,3,First Quarter
2023,2,4,First Quarter
2023,2,5,Full Moon
2023,2,6,Full Moon
2023,2,7,Full Moon
2023,2,8,Full Moon
2023,2,9,Full Moon
2023,2,10,Full Moon
2023,2,11,Full Moon
2023,2,12,Full Moon
2023,2,13,Third Quarter
2023,2,14,Third Quarter
2023,2,15,Third Quarter
2023,2,16,Third Quarter
2023,2,17,Third Quarter
2023,2,18,Third Quarter
2023,2,19,Third Quarter
2023,2,20,New Moon
2023,2,21,New Moon
2023,2,22,New Moon
2023,2,23,New Moon
2023,2,24,New Moon
2023,2,25,New Moon
2023,2,26,New Moon
2023,2,27,First Quarter
2023,2,28,First Quarter
2023,3,1,First Quarter
2023,3,2,First Quarter
2023,3,3,First Quarter
2023,3,4,First Quarter
2023,3,5,First Quarter
2023,3,6,First Quarter
2023,3,7,Full Moon
2023,3,8,Full Moon
2023,3,9,Full Moon
2023,3,10,Full Moon
2023,3,11,Full Moon
2023,3,12,Full Moon
2023,3,13,Full Moon
2023,3,14,Full Moon
2023,3,15,Third Quarter
2023,3,16,Third Quarter
2023,3,17,Third Quarter
2023,3,18,Third Quarter
2023,3,19,Third Quarter
2023,3,20,Third Quarter
2023,3,21,New Moon
2023,3,22,New Moon
2023,3,23,New Moon
2023,3,24,New Moon
2023,3,25,New Moon
2023,3,26,New Moon
2023,3,27,New Moon
2023,3,28,New Moon
2023,3,29,First Quarter
2023,3,30,First Quarter
2023,3,31,First Quarter
2023,4,1,First Quarter
2023,4,2,First Quarter
2023,4,3,First Quarter
2023,4,4,First Quarter
2023,4,5,First Quarter
2023,4,6,Full Moon
2023,4,7,Full Moon
2023,4,8,Full Moon
2023,4,9,Full Moon
2023,4,10,Full Moon
2023,4,11,Full Moon
2023,4,12,Full Moon
2023,4,13,Third Quarter
2023,4,14,Third Quarter
2023,4,15,Third Quarter
2023,4,16,Third Quarter
2023,4,17,Third Quarter
2023,4,18,Third Quarter
2023,4,19,Third Quarter
2023,4,20,New Moon
2023,4,21,New Moon
2023,4,22,New Moon
2023,4,23,New Moon
2023,4,24,New Moon
2023,4,25,New Moon
2023,4,26,New Moon
2023,4,27,First Quarter
2023,4,28,First Quarter
2023,4,29,First Quarter
2023,4,30,First Quarter
2023,5,1,First Quarter
2023,5,2,First Quarter
2023,5,3,First Quarter
2023,5,4,First Quarter
2023,5,5,Full Moon
2023,5,6,Full Moon
2023,5,7,Full Moon
2023,5,8,Full Moon
2023,5,9,Full Moon
2023,5,10,Full Moon
2023,5,11,Full Moon
2023,5,12,Third Quarter
2023,5,13,Third Quarter
2023,5,14,Third Quarter
2023,5,15,Third Quarter
2023,5,16,Third Quarter
2023,5,17,Third Quarter
2023,5,18,Third Quarter
2023,5,19,New Moon
2023,5,20,New Moon
2023,5,21,New Moon
2023,5,22,New Moon
2023,5,23,New Moon
2023,5,24,New Moon
2023,5,25,New Moon
2023,5,26,New Moon
2023,5,27,First Quarter
2023,5,28,First Quarter
2023,5,29,First Quarter
2023,5,30,First Quarter
2023,5,31,First Quarter
2023,6,1,First Quarter
2023,6,2,First Quarter
2023,6,3,First Quarter
2023,6,4,Full Moon
2023,6,5,Full Moon
2023,6,6,Full Moon
2023,6,7,Full Moon
2023,6,8,Full Moon
2023,6,9,Full Moon
2023,6,10,Third Quarter
2023,6,11,Third Quarter
2023,6,12,Third Quarter
2023,6,13,Third Quarter
2023,6,14,Third Quarter
2023,6,15,Third Quarter
2023,6,16,Third Quarter
2023,6,17,Third Quarter
2023,6,18,New Moon
2023,6,19,New Moon
2023,6,20,New Moon
2023,6,21,New Moon
2023,6,22,New Moon
2023,6,23,New Moon
2023,6,24,New Moon
2023,6,25,New Moon
2023,6,26,First Quarter
2023,6,27,First Quarter
2023,6,28,First Quarter
2023,6,29,First Quarter
2023,6,30,First Quarter
2023,7,1,First Quarter
2023,7,2,First Quarter
2023,7,3,Full Moon
2023,7,4,Full Moon
2023,7,5,Full Moon
2023,7,6,Full Moon
2023,7,7,Full Moon
2023,7,8,Full Moon
2023,7,9,Full Moon
2023,7,10,Third Quarter
2023,7,11,Third Quarter
2023,7,12,Third Quarter
2023,7,13,Third Quarter
2023,7,14,Third Quarter
2023,7,15,Third Quarter
2023,7,16,Third Quarter
2023,7,17,New Moon
2023,7,18,New Moon
2023,7,19,New Moon
2023,7,20,New Moon
2023,7,21,New Moon
2023,7,22,New Moon
2023,7,23,New Moon
2023,7,24,New Moon
2023,7,25,New Moon
2023,7,26,First Quarter
2023,7,27,First Quarter
2023,7,28,First Quarter
2023,7,29,First Quarter
2023,7,30,First Quarter
2023,7,31,First Quarter
2023,8,1,Full Moon
2023,8,2,Full Moon
2023,8,3,Full Moon
2023,8,4,Full Moon
2023,8,5,Full Moon
2023,8,6,Full Moon
2023,8,7,Full Moon
2023,8,8,Third Quarter
2023,8,9,Third Quarter
2023,8,10,Third Quarter
2023,8,11,Third Quarter
2023,8,12,Third Quarter
2023,8,13,Third Quarter
2023,8,14,Third Quarter
2023,8,15,Third Quarter
2023,8,16,New Moon
2023,8,17,New Moon
2023,8,18,New Moon
2023,8,19,New Moon
2023,8,20,New Moon
2023,8,21,New Moon
2023,8,22,New Moon
2023,8,23,New Moon
2023,8,24,First Quarter
2023,8,25,First Quarter
2023,8,26,First Quarter
2023,8,27,First Quarter
2023,8,28,First Quarter
2023,8,29,First Quarter
2023,8,30,First Quarter
2023,8,31,Full Moon
2023,9,1,Full Moon
2023,9,2,Full Moon
2023,9,3,Full Moon
2023,9,4,Full Moon
2023,9,5,Full Moon
2023,9,6,Full Moon
2023,9,7,Third Quarter
2023,9,8,Third Quarter
2023,9,9,Third Quarter
2023,9,10,Third Quarter
2023,9,11,Third Quarter
2023,9,12,Third Quarter
2023,9,13,Third Quarter
2023,9,14,Third Quarter
2023,9,15,New Moon
2023,9,16,New Moon
2023,9,17,New Moon
2023,9,18,New Moon
2023,9,19,New Moon
2023,9,20,New Moon
2023,9,21,New Moon
2023,9,22,First Quarter
2023,9,23,First Quarter
2023,9,24,First Quarter
2023,9,25,First Quarter
2023,9,26,First Quarter
2023,9,27,First Quarter
2023,9,28,First Quarter
2023,9,29,Full Moon
2023,9,30,Full Moon
2023,10,1,Full Moon
2023,10,2,Full Moon
2023,10,3,Full Moon
2023,10,4,Full Moon
2023,10,5,Full Moon
2023,10,6,Third Quarter
2023,10,7,Third Quarter
2023,10,8,Third Quarter
2023,10,9,Third Quarter
2023,10,10,Third Quarter
2023,10,11,Third Quarter
2023,10,12,Third Quarter
2023,10,13,Third Quarter
2023,10,14,New Moon
2023,10,15,New Moon
2023,10,16,New Moon
2023,10,17,New Moon
2023,10,18,New Moon
2023,10,19,New Moon
2023,10,20,New Moon
2023,10,21,New Moon
2023,10,22,First Quarter
2023,10,23,First Quarter
2023,10,24,First Quarter
2023,10,25,First Quarter
2023,10,26,First Quarter
2023,10,27,First Quarter
2023,10,28,Full Moon
2023,10,29,Full Moon
2023,10,30,Full Moon
2023,10,31,Full Moon
2023,11,1,Full Moon
2023,11,2,Full Moon
2023,11,3,Full Moon
2023,11,4,Full Moon
2023,11,5,Third Quarter
2023,11,6,Third Quarter
2023,11,7,Third Quarter
2023,11,8,Third Quarter
2023,11,9,Third Quarter
2023,11,10,Third Quarter
2023,11,11,Third Quarter
2023,11,12,Third Quarter
2023,11,13,New Moon
2023,11,14,New Moon
2023,11,15,New Moon
2023,11,16,New Moon
2023,11,17,New Moon
2023,11,18,New Moon
2023,11,19,New Moon
2023,11,20,First Quarter
2023,11,21,First Quarter
2023,11,22,First Quarter
2023,11,23,First Quarter
2023,11,24,First Quarter
2023,11,25,First Quarter
2023,11,26,First Quarter
2023,11,27,Full Moon
2023,11,28,Full Moon
2023,11,29,Full Moon
2023,11,30,Full Moon
2023,12,1,Full Moon
2023,12,2,Full Moon
2023,12,3,Full Moon
2023,12,4,Full Moon
2023,12,5,Third Quarter
2023,12,6,Third Quarter
2023,12,7,Third Quarter
2023,12,8,Third Quarter
2023,12,9,Third Quarter
2023,12,10,Third Quarter
2023,12,11,Third Quarter
2023,12,12,Third Quarter
2023,12,13,New Moon
2023,12,14,New Moon
2023,12,15,New Moon
2023,12,16,New Moon
2023,12,17,New Moon
2023,12,18,New Moon
2023,12,19,First Quarter
2023,12,20,First Quarter
2023,12,21,First Quarter
2023,12,22,First Quarter
2023,12,23,First Quarter
2023,12,24,First Quarter
2023,12,25,First Quarter
2023,12,26,First Quarter
2023,12,27,Full Moon
